WesternProvince,CentralProvince,SouthernProvince,SabaragamuwaProvince,EasternProvince,NothernProvince,NothernWesternProvince,NorthCentralProvince,UvaProvince
Aboyne ,Abasingammedda,Abakolawewa,Abuwangala,Addalaichenai,Aayili,Abakolawewa,Achari Madatugama,Agalle
Adikarigoda,Adhikarigama,Abesekaragama,Adavikanda,Akkaraipattu,Adampan,Abbowa,Acharigama, Agampodigama
Adikarimulla,Agalakumbura,Abeyesekaragama,Adawikanda,Ampara,Alampil,Abokkagama,Achchirikulama, Aggalaulpota
Adikkandiya,Agalawatta,Acharigama,Adikariya,Ampilanthurai,Alvai,Achari Hinukwewa,Achirigama, Akurukaduwa
Adupe,Agappola,Acharigoda,Agalagama,Arayampathy,Alaveddi,Achari Ihalagama,Achiriyagama, Alakkangama
Agalawatta,Agrapatana,Addarawellana,Agalagamuwa,Batticaloa,Achchankulam,Baburugama,Badahela Etawetunuwewa, Alakolagalagama
Agalegedara,Agrapatna,Agala Kanda,Agalawatta,Central camp,Achchelu,Badabadda,Badahela Ranorewa, Alakolawatta
Ahugammana,Akarahaduwa,Agalaboda,Agalekumbura,Chenkalady,Achchuveli,Badabeddegama,Badahelagama, Alanmulla
Akaragama,Akkarawatta,Agaliya,Agaregama,Divulapothana,Adaichakal,Badabeddewa,Bakamuna, Alawatugoda
Akarangaha,Akuramboda,Aggarahere,Ahaspokuna,Eruvil,Adukkalamoddai,Badagane,Bakamuneulpota, Alokkangama
Akarawita,Akurambodwatta,Ahangama,Ahuliyadda,Eravur,Adampam,Bakmeegolla,Challitivu, Alpitiya
Akkaragoda,Akurana,Akuressa ambalangoda,Akarella,Kalmunai,Adampan,Cement Factory,Dachchi Hammillewa, Alubogolla
Akureliya,Aladeniya,Awiththawa,Akurana,Karaitivu,Adampanai,Chandrayagama,Dachchidamana, Alugalge
Akurukalawita,Alagalla Kondagama,Babarenda Central,Akurugegangoda,Kanchikudicharu,Adampantalvu,Chenaikudirippu,Dachihalmillewa, Alugalge
Akurumulla,Alagalla Pahalagama,Babarenda North,Akwatta,Kokkaddicholai,Adappankulam,Chenaikudiyirippu,Dahanekwewa, Alugolla
Alakandupitiya,Alagoda,Babarenda South I,Alagalkanda,Kaluwanchikudy,Adiyakulam,Chenakudiruppu,Damala Hammillewa, Alukalawita
Alavi,Alakagama,Babarenda South II,Alagalla,Kathiraveli,Aiyamperumal,Chettichena,Diyabeduma, Aluketiyawa
Alawala,Alakola-anga,Badabadda,Alakolaella,Kattankudy,Akattikkulam,Chettisena,Echchankulama, Alulwela
Alawatupitiya,Alakola-ela,Badahelagoda,Alankarapanguwa,Kantale,Allaippiddi,Chettychena,Egodagama, Alupota
Alubomulla,Alakoladeniya,Badalgeda,Alapaladeniya,Lahugala,Analativu,Chilan,Ehetuwagama, Alupota
Alubowila,Alakolamada,Baddegama,Alapalawala,Mandur,Annangkai,Chilaw,Ehetuwewa, Alupota
Alugolla,Alakolamaditta,Baddegama East,Alawala,Maruthamunai,Amichchi Kulam,Dabarayaya,Elagamuwa, Alupota Town
Alutepola,Alakolawewa,Baddegama North,Alawatura,Navithanveli,Aiyanaar Koayiladi,Dachchilanda,Galagedaragama, Aluttarama
Alutgama Bogamuwa,Alanduwaka,Baddegama South,Alawwa,Nintavur,Aiyanaar puram,Dadapolagama,Galahitiyagama, Alutwela
Alutgama East,Alapalawala,Bentota,Aldora,Oluvil,Aiyanaar-puram,Dadapolagamuwa,Galapitagala, Alutwela
Alutgama West,Alapalawela,Boossa,Algama,Oddamavadi,Aiyan koayil Gramam,Dagama,Galapitigala, Alutwela
Alutgamwidiya,Alawattegama,Beliatta,Algama Egodagama,Pottuvil,Aiyan Kulam,Ebawalapitiya,Galatanwewa, Alutwelagama
Alutgangoda,Alawattegama,China Garden,Algama Ihalagama,Pandiruppu,"Aliyawalai, Ariyalai",Ebawalayaya,Haba Diwulwewa, Alutwewa
Aluthgama,"Alawatugama, Alawatugoda",Companiwatta,Algama Medagama,Paddipalai,Chankanai,Edandewela,Haba Kudawewa, Amarakonegama
Aluthgamwidiya,Alayaya,Companywatta,"Algoda, Alkegama",Pasikudah,Changanacherry,Edandupitiya,Habarana, Amarakongama
Aluthkade,Alhentennawatta,Dabarella,Allagalla,Ranamadu,Chaalampan,Egalla,Habarattawala, Ambadandegama
Alutkade Tunmanhandiya,Alkemada,Dadalla,Alpitiya,Sammanthurai,Chaavatkaddu,Gaane,Habawewa, Ambagahakandura
Alwis Town,Alubendiyaya,Daganapothaha,Aludeniya,Sainthamaruthu,Chaalampaik Kulam,Gadolwaka,Ichchankulama, Ambagasdowa
Amandoluwa,Aludeniya,Daha-amuna,Aluketiya,Santhiveli,Chamalang Kulam,Gahalagaswela,Ihala Amanakkattuwa, Ambagasduwa
Ambagahawatta,Alugolla,Dalgahakele,Alupatgala,Sangaman Kanda,Chinnach Chaalampan,Gahalagaswewa,Ihala Anduketiyawa, Ambagolla
Ambagaspitiya,Alupotawela,Daluwakgoda,Alupola,Saththurukondan,Chavakacheri,Gaiyala,Ihala Angunachchiya, Ambagolla
Ambalammulla,Alutgama,Daluwatumulla,Alupota,Taigahahinna,Cheddikulam,Habagama,Ihala Bakmigahaulpota, Ambagolle
 Ambalanduwa,Alutgama Mahakumburegammedda,Dambawatawana,Alutnuwara,Thalankudah,Chunnakam,Habaragahamada,Jayanthipura, Ambalanda
 Ambalangoda,Alutnuwara,Dammala,Amanawala,Thalavai,Colombuthurai,Habarawa,Kabaragoyawewa, Ambalande
 Ambalanmulla,Alutnuwara Town,Dammanatenna,Amarakonmulla,Thamaraikerni,Cheddi Kulam,Habarawewa,Kadadekawewa, Ambamulla
Ambalayaya,Alutwatta Alutwewa,Dammantenna,Ambagahakanda,Thamaravillu,Chiraampiyadi,Habarewa,Kadadekawewa, Ambanporuwa
 Ambana,Aluvihare,Deniyaya,Ambagala,Thambiluvil,Chiththira Meazhi,Ibbagamuwa,Kadahatawewa, Ambatenna
 Ambanwita,Aluvihare Colony,Dodanduwa,Ambakumbura,Thamaraikulam,Delft Island,Ibbawela,Kadandugama, Ampitiya
 Ambatale,Aluwihare,Egodabedda,Ambalakanda,Thampaddai,Eluvaitivu,Ichchampitiya,Kalawewa, Amunekandura
 Ambegoda,Alwatta,Egodaduwa,Ambalanpitiya,Tampalakamam,Elephant Pass,Ichchankadu,Kekirawa, Amunumulla
 Ambepitiya,Ambadeniya,Egodagoda,Ambalanyaya,Thampalawattai,Inuvil,Ichchankaudu,Labunoruwa, Amunumulla
 Ambepussa,Ambagahahena,Egodamulla,Ambamalla,Thandiyadi,Ilavali,Jagama,Lenagama, Anda Ulpota
 Ambepussa Government Farm,Ambagamuwa,Egodawela,Ambanpitiya,Thannamunai,Iranamadu,Jahapagama,Lewapanikkiyawa, Andampohuwa
 Ambulgama,Ambagaspitiya,Ehelakanda,Ambatenna,Tannipalai,Jaffna,Jakaduwa,Lindawewa, Andanpahura
 Ampitigala,Ambagastenna,Ehelape,Ambawala,Tembichchiya,Kaathaliyaar Chamalang kulam,Jalatgama,Lokahettiyagama, Andaulpotagama
 Amunugoda,Ambakumbura,Ehelapola,Ambepussa,Thennamaravadi,Kaaraiththoor,Jankurawela,Madagallegama, Andawalagama
 Amunukumbura,Ambalapitiya,Ehelepola,Ambulugala,Tettativu,Kanchanthoo,Jankure,Madatugama, Andawalayaya
 Andiambalam Walpola,Ambale,Ekkassa,Ambuwakka,Thalayadimadu,Kachchai,Jayalatgama,Madatungama, Andawelagama
 Andiambalama,Ambaliyadda,Elagamuwa,Ambuwangala,Thaddumunai,Kaithady,Jayalathgama,Madawachchiya, Andawelayaya
 Andigoda,Ambanella,Elpitiya,Amitirigala,Thiaveddavan,Kalladi,Jayarajapuraya,Madawala, Andeniya
 Andimalla,Ambanpola,Fort,Ammuduwa,Thikkodai,Kantharmadam,Jayasirigama,Nabadagaswewa, Andiawela
 Andimulla,Ambanwala,Gabadaweediya,Ampagala,Thikkoddaimunmari,Kantharodai,Jayasundaragedara,Nabadawewa, Angoda
 Andiya,Ambaoruwa,Gabadawidiya,Ampana,Thimilatheevu,Kankesanthurai,Jayasurigama,Nachchaduwa, Angunakolapelessa
 Andupe,Ambatalawa,Gajanayakagama,Ampe,Thiraymadu,Kanakarayankulam,Kaaradumunai,Nachchaduwa Palayakulama, Ankada
 Angampitiya,Ambatenna,Galagama,Amuhenkanda,Thirukkovil,Kapputhoor Veli,Kabalewa,Nagadaranewa, Aralupitiya
 Angangoda,Ambawa,Galagammana,Amunumulla,Thirukkaikuda,Karainagar,Kachchakaduwa,Obadayagama, Aralutalawa
 Anganpitiya,Ambawela,Galagammulla,Amunutenna,Thuraineelavanai,Karaveddy,Kachcheri,Ohomigama, Araluwinna
 Angoda,Ambetenna,Galahitiya,Amupitiya,Thukkuvittan,Karampanthoor,Kachchimadurankuli,Olobbawa, Aratumedilla
 Angomuwa,Ambewela,Galapilagama,Amutagoda,Thumpalancholai,Karanthai Vaddavaan,Kachchirawa,Olombewa, Aravakumbura
 Angulana,Ambokka,Galatuduwa,Amuwatta,Trincomalee,Karaitivu,Labugala,Olugallewa, Aravawatte
 Anguruwatota,Ampitiya,Galbada,Amuwatugoda,Uhana,Karunkandalvannakulam,Labuyaya,Pachchalawetiya, Arawa
 Anuragoda,Ampitiya Pallegama,Galboda,Andadola,Udumpankulam,Kayts,Lakadagolla,Padikaramaduwa, Arawakumbura
 Arakagoda,Ampitiya Udagama,Ganegama,Andanawa,Unnichchai,Kerudavil,Landawatta,Padiketuwewa, Arawatta
 Arakawila,"Amuna, Amunewala",Ginimellagaha,Andaoluwa,Uppodai,Kea Thoovu,Lankarangedara,Padikkalamadu Colony, Asweddumegama
 Aramangoda,Amunugama,Habakkala,Andiramada,Uppukkachchimadu,Kilinochchi,Mabo,Padikkaramaduwa, Asweddummulla
 Arambe,Amunumulla,Habaraduwa,Andiyamalatenna,Uppuveli,Kokavil,Mabopitiya,Rada Hammillewa, Asweddumwelagama
 Arambegodella,Amunupitiya,Habaraduwa Central,Andoluwa,Urani(Batticaloa),Kokkuvil,Madadenigama,Rada Rambewa, Atale
 Aramonagolla,Amunupura,Habaraduwa West,Anduwawala,Urachery,Kokkilai,Madadombe,Radagama, Athimale Colony
 Arangala,Amunupure,Habaragaha-ela,Angammana,Uriyankaddu,Kokkuthoduvai,Madagama,Radagamawatta, Attambagaskandura
 Arapangama,Amupitiya,Habarakada,Anghandiya,Urukamam,Kondavil,Maha Danvila,Radapalugaswewa, Attanagola
 Arukgoda,Andagala,Habarattawila,Angoda,Uthuchchenai,Kopay,Mawathagama,Sakalasuriyagama, Attanagolla
 Arukpassa,Andawala,Habarattewala,Angodakanda,Vaddavan,Kovalam,Nabadapokuna,Samudragama, Ayiwela
 Arukwatta,Andawela,Habarattewala,Anguruwawala,Vettilaipoddamadu,Kullapam Kulam,Nabadawa,Sandanankuttigama,Badalagammana
 Arupassa,Andideniya,Haburugala,Anguruwella,Vaddipoddamadu,Kuppilankulam,Nabadawala,Sandigewewa, Badalkumbura
 Asgeriya,Andungama Palkumbura,Ibbawala,Anhandiya,Vaikaladichchenai,Kuppilan Kurichy,Nabadawela,Sangattewa, Badaweltota
 Asgiriwalpola,Andurubebila,Idandukita,Anhettigama,Vakaneri,Maankulam,Nabadawewa,Talakolawewa, Badulla
 Asgiriya,Angammana,Idantota,Anwarama,Vakantonai,Madhu,Obadakotuwa,Talakolewa, Badullagasgedara
 Assenawatta,Angunawala,Igala,Arabboda,Vakarai,Mallavi,Obedagedere,Talapatkulama, Baduludena
 Assennawatta,Angunawela,Ihala Aturaliya,Arachchikumbura,Valaichchenai,Manalkadu,Obodakotuwa,Talattewa, Badulugasgedara
 Atale,Anguruwela,Ihala Beligalla,Arama,Valaiyiravu,Mandativu,Odakkarai,Talawa, Badulupitiyagama
 Atgalgoda,Anguruwella,Ihala Ganegama,Arambegama,Valaitoddam,Manipay,Oggamuwa,Uda Hingura, Baduluwela
Athagama,Ankande Colony,Ihala Keembiya,Aranayaka,Vammivattavan,Mankulam,Pabuluwa,Uda Korasagalla, Bakinidandugolla
Athgalgoda,Ankendagolla,Ihala Kumbukwewa,Arandara,Vammiyadiyuttu,Mannar,Pachchakadumundal,Uda Negama, Bakinidandugollegama
Atigala,Ankumbura,Ihala Omatta,Arawegoda,Vantharumoolai,Meththanveli,Pachchalawela,Uda Nidigama, Bakinigahapitiya
Attanagalla,Ankumbura Pallegama,Ihala Vitiyala,Aruggammana,Vannameddutidal,Mirusuvil,Pachchalawewa,Uda Thibbatuwewa, Bakinigahawela
Attidiya,Ankumbura Udagama,Imaduwa,Aruggoda,Vannatital,Mullaitivu,Pachchalewa,Vadivalaipuliyankulam, Bakinigahawela Vidiya
Atulugama,Appallagoda,Jalampitiya,Arukgammana,Vathakkalmadu,"Mulliyawalai,",Rachchiragama,Valpotuwewa, Bakinilanda
Atupatdeniya,Arambagama,Jamburegoda,Arukmulla,Vattalaikodichchenai,Myliddy,Rada Hilogama,Vedenigama, Bakinipitiya
Atupotdeniya,Arambepola,Jamburutugoda,Aruppala,Vavunatheevu,Manadkaadu,Rada Paliyagama,Veheragoda, Bakmilande
Atupothdeniya,Aranpitiya,Jandura,Asamanakanda,Vayiriuttu,Madduvil,Rada Talanpola,Vendarankulama, Bala-at-tare
Atura,Arattana,Jansagama,Asgangula,Vedakudiyiruppu,Manthuvil,Radadena,Verumkulama, Bala-attara
Ature,Arawwawala,Jomahandigoda,Asideniya,Vedativu,Mandaan Minukkan,Ridigama,Viharagawagala, Baladangolla
Athurugiriya,Arukwatta,Jorseygoda,Asmadala,Veddukkadduveli,Nallur,Saidalapitiya,Vihare Hammillewa, Balagala
Atweltota,Aruppola,Jorsigoda,Assedduma,Veechukalmunai,Nanaddan,Saldalpitiya,Vitaranagama, Balagalla
Avariwatta,Asgeriya,Julampitiya,Asseddungoda,Veeradiya,Nedunkeni,Samaderapitiyal,Wadigawewa, Balagolla
Avissawella,Asgiriya,Julamulla,Asseddunwela,Veeramunai,Nagar Kovil,Samagigama,Wadiwewa, Balaharuwa
Awariwatta,Aswalapitiya,Kabaragaha Ela,Atakalanpanne,Vellaimanal,Nelliyady,Samagiriyawewa,Waduressagama, Balana
Badahalagoda,Asweddunwela,Kabaragala,Atalawa,Vellaiyadimadu,Nilavarai,Tabbomulla,Waga Konwewa, Balanegama
Badalgama,Atabage,Kabaragomaditta,Atale,Vellamachchenai,?addankandal,Tabbowa,Wagayakulama, Balewela
Badalgoda,Atabage Pallegama,Kabarayamulla,Atallawela,Vellaveli,Nelliady,Tailagama,, Ballakatuwa
Badanagoda,Atirahapitiya,Kadaweddawa,Ataudakanda,Veppadithurai,Oddusuddan,Talagalla,, Bambaragahaulpota
Badugama,Attanakumbura,Kadawedduwa,Athalawa,Veppankuda,Omanthai,Talagaswewa,, Bambaragama
Badureliya,Attanayakagammedda,Kadduwa,Attanagoda,Veranativu,Olumadu,Uda Horombuwa,, Bambaragasyaya
Baduwatugoda,Attaragalla,Kadedduwa,Attapitiya,Verukal,Paapamkulam,Uda Inguruwatta,, Bandarawadiya
Bajjangoda,Attaragama Hunnana-oya,Kadigamuwa,Atugoda,Vettimakkalkudiyiruppu,Pachilaipalli,Uda Kahahena,, Bandarawatta
Balabowa,Awulbodale,Kadihingala,Atulugama,"Vinayagapuram, Sri Lanka",Padaraveli,Uda Siyambalewa,, Bandarawela
Balagalla,Badalagama,Kadiragoda,Aturaliya,Vilavedduvan,Pandatharippu,Uda Tammannewa,, Barawaya
Battaramulla,Badalgammedda,Kalahe,Aturupana,Viliraiyadippuval,Pandarikulam Pandiyankulam,Vairankattuwa,, Batagammana
Beruwala,Baddamulla,Labuduwa,Ayagama,Verugal Malai,Palali,Vannativillu,, Baththewa
Catharine's,Bahiragaldowa,Lalpe,Badahela,,Palampiddi,Vattakandal,, Batugammana
Cinnamon Gardens,Bahirawakanda,Lalwala Pahala,Badahelagoda,,Parangkich Chaalampan,Velandikulama,, Batwewa
Colombo,Balagahatenna,Lametiya,Badahelgoda,,Point Pedro (Paruththithurai),Velantikulam,, Beddegama
Colpetty,Balagolla,Landajulana,Badanamure,,Paranthan,Velasiya,, Beddekumbura
Dadagamuwa,Balana,Landejulana,Badullawala,,Periya Chaalampan,Vellamundal,, Beligalla
Dagona,Balawatgoda,Lankagama,Badullegama,,Pesalai,Vellankarai,, Bendiyawa
Dahenpahuwa,Bambarabedda,Lanumodara,Badulupitiya,,Periya Puliyangkulam,Vicharanagama,, Beraliyapola
Dalugama,Bambarabedde Devainnegama,Lanumodera,Baduwalakanda,,Periya Pollachi,Vidatamunai,, Beramada
Dalugangoda,Bambaradeniya,Lelkada,Bagature,,Pollachi,Vidyalaya,, Bibila
Dalupatgedara,Bambaragahawatta,Lelwala,Bakmideniya,,Perumkulam,Viharegama,, Bibilagama
Dalupotha,Bambaragaleyaya,Lelwala Ihala,Bakulwala,,Paranthen Kerni,Villuke,, Bibile
Daluwekotuwa,Bambaragama,Lelwala Pahala,Balagangoda,,Pooneryn,Virakammandaluwa,, Bibilegama
Dambadurai,Bambaragaswewa,Lenaduwa,Balaharuwa,,Puliyankulam,Viruthodai,, Bibilemulla
Dambadure,Bambawa,Lenagalpalata,Balakottunna,,Puloly,Wadakada,, Bindunawewa
Dharga Town,Bamunupola,Lenama,Balakotuwa,,Puthukkudiyiruppu,Wadakahagala,, Bindunuwewa
Dehiwala,Bananga,Lenawa,Balangoda,,Parayanalankulam,Wadakkarawewa,, Bingoda
Egaloya,Banange,Lenewa,Balatgomuwa,,Pungudutivu,Wadatta,, Biriulpota
Egoda Uyana,Barandare,Lewduwa,Balavinna,,Puttur,Wadawa,, Bodagama
Egodawatta,Barigama,Lewpotdeniya,Balawane,,Puthunagaram,Wadawa,, Bogahakivula
"Egodawatta,",Batadanduwela,Lintotapaya,Balawatgama,,Panamkamam,,, Bogahakumbura
Ekala,Batagalla,Liyanagamakanda,Balawathgama,,Punnalaikkadduvan,,, Bogahapatana
Ekalakurunduwatta,Balagolla,Liyanagoda,Balawinna,,Passaiyoor,,, Bogahapelessa
Ekel,Batagolla,Liyanegoda,Balibatgoda,,Sandilipay,,, Bogahawela
Eladuva,Batalawatta,Liyannakatuwa,Balibathgoda,,Sillalai,,, Bogandena
Eladuwa,Batugoda,Lolla,Balinduwawa,,Suthumalai,,, Bogoda
Elamalawala,Batumulla,Lunama,Ballahela,,Sugandipuram,,, Bohitiya
Elamalewala,Bebalagama,Lunuganwehera,Ballapana,,Sangarathai,,, Bokagonna
Elapiliyawa,Beddegama,Mabingoda,Ballapanatenna,,Tachchankulam,,, Bokanoruwa
Elapitawala,Beligamuwa,Mabotuwana,Bambarabotuwa,,Taddamalai,,, Bolgalla
Elapitiwela,Beliyakanda,Madakumbura,Bambarabotuwegkanda,,Taddankulam,,, Bolgalle
Elapitiyala,Bembiya,Madametota,Bambaragala,,Tadduvankoddi,,, Boliyadda
Eliwila,Beragama,Madawala,Bambaragama,,Thaddankulam,,, Bolyadda
Ellakkala,Beravilla,Maddegama,Bambaragastenna,,Thaiyiddi,,, Bootagolla
Ellalamulla,Berawila,Maddumagegoda,Bampane,,Thalaiady,,, Bopattakivula
Ellangala,Bibila,Madihe East,Bamunagammana,,Talaimannar,,, Bopattakiwula
Elluvapitiya,Bobella,Madihe West,Bamunaulla,,Thalladi,,, Bopitiya
Elston,Bodikotuwa,Madipola,Banagoda,,Thaalvupadu,,, Boragas
Eluwapitiya,Bogahapitiya,Madipola Sinhalabage,Basnagala,,Thamaraivillu,,, Boragasketiya
Embaraluwa,Bogambara,Mirissa,Basnagoda,,Thampa Gramam,,, Boragoda Vidiya
Enderamulla,Bogamuwa,Nabadova,Batadure,,Thampalai,,, Boralanda
Epambula,Bogawantalawa,Nabadowa,Bataendiriya,,Thampalakad,,, Bowela
Epamulla,Bogawela,Nadiganwela,Batakada,,Thampanaikkulam,,, Bubula
Erabadda,Bokalawela,Nagahagoda,Batambure,,Thampanaikkulam East,,, Buddama
Erabedda,Bokkawala,Nagalawewa,Batangala,,Thampattai Muthalikkattu,,, Budugakanda
Erepolagodella,Bolagandawela,Nagoda,Batatota,,Thanankilappu,,, Budurapota
Erewwala,Bolepe,Naguliadda,Batawala,,Tanakkankulam,,, Bulathwatta
Essella,Bombure,Nagulliyadda,Batayaya,,Thaandikkulam,,, Bulatwatta
Eswatta,Bomure,Naiduwa,Batepola,,Tanduvan,,, Bulatwelgoda
Etgala,Bopana,Nakanda,Batewela,,Thankodai,,, Bulliyadda
Etikehelgalla,Bopegammedda,Nakandawala,Batgangoda,,Tanmakkerni,,, Bulugahadena
Ettukal,Bopitiya,Obadagahadeniya,Batugedara,,Thannipavilan Kudiyiruppu,,, Bulugahalanda
Ettukala,Boragahamaditta,Obadawatta,Batugedera,,Thanneer Uttu,,, Bulupitiya
Etulkotte,Boruwagama,Okandeyaya,Batupitiya,,Thaantalkulam,,, Bummane
Evariwatta,Botota,Okawala,Batuwana,,Tharakundu,,, Butagolla
Ewariwatta,Bowala,Okewelagoda,Batuwatta,,Tharanikkulam,,, Buttala
Fort (Colombo),Bowatta,Olagama,Batuwita,,"Thavadi, Thavalai Iyattalai",,, Dadayampola
Galagedara,Bowatura,Olagama,Beddawala,,Thavasikulam,,, Dadayantalawa
Galahitiyawa,Boyagama,Olaganduwa,Belgoda,,Thavasiyakulam,,, Dahagoniya
Galboda,Brookside,Oligoda,Beligala,,Thavasiyur,,, Dalohogalla
Galborella,Bulanawewa,Oluara,Beligammana,,Thayilan Kudiyiruppu,,, Damanegama
Galedanda,Bulatwelkandura,Olupeliya,Beligoda,,Thandikkulam,,, Damanwara
Galewatta,Bulugahapitiya,Omatta,Beligodapitiya,,Tellippalai,,, Dambagahamaditta
Galgamuwa,Bulugolla,Opata,Belihul Oya,,Thunukkai,,, Dambagahapattiya
Galgomuwa,Bulukohotenna,Oture,Belihulwana,,Thunnalai,,, Dambagahapitiya
Galhena,Bulumulla,Ovilikanda,Beliketiya,,Tharmapuram,,, Dambagahawela
Galhetiya Grand Pass,Butalanda,Ovilla,Belimaliyadda,,Thekilpadantan,,, Dambagalla
Habarakada,Butawatta,Ovitipana,Bellangama,,Thekkuluthu,,, Dambakota
Haddagoda,Buwelikada,Owilana,Bellankanda,,Telliyankudiyiruppu,,, Dambawelagama
Hakgalla,Campion,Owilikanda,Beminiwatta,,Thennamaravadi,,, Dambawinna
Hakkurukumbura,Clodagh Eastern Colony,Owilla,Bendaluwa,,Thenniyankulam,,, Dambewela
Hakurukumbura,Dadahogama,Owitigamuwa,Beragala,,Thaentookki,,, Damunuwinna
Hakwadunna,Dadohagama,Owitipana,Berannawa,,Thaenudaiyan,,, Danagirigama
Halanduruwa,Dagampitiya,Padavkema,Berendeniya,,Thanakkarukurichchi,,, Dandugala
Halapitiya,Dagewilla,Paddapitiya,Berenduwa,,Tharmakundu,,, Dandugalla
Halawegoda,Dalupota,Padilikokmaduwa,Berranawa,,Thatchchanthoppu,,, Danigala
Halgampitiya,Daluwela,Paduanga,Beruwala,,Thattantotam,,, Daragala
Hanwella,Damana,Pahajjawa,Betmegedara,,Thavasiyur,,, Darkumbura
Hokandara,Dambagahamada,Pahala Aturaliya,Bewila,,Thevanpaddi,,, Davuldena
Horana,Dambagahamuduna,Pahala Ganegama,Bewilehena,,Thikkam,,, Dawatagolla
Homagama,Dambagolla,Pahala Keembiya,Bibila,,Thikkoddaimadu,,, Dawategama
Iddagoda,Dambagolla,Radagoda,Bibilegama,,Thimilarmadam,,, Debara Ara
Ihala Hewessa,Dambalagala Colony,Radaniara,Binnegama,,Terankandal,,, Debedda
Ihala Imbulgoda,Dambarawa,Radawela,Bintenigolla,,Therumurikandi,,, Debeddekiula
Ihala Karannagoda,Dambarawa,Radompola,Bisowela,,Thettakkuli,,, Deekiligolla
Ihala Naragala,Dambe,Rajapuragoda,Bodawala,,Thettavadimarutankulam,,, Degalaramba
Ihala Neboda,Dambul,Rajjamana,Bodimalgoda,,Tirunelveli East,,, Dehiattawala
Ihala Wadugoda,Dambulla,Rajjammana,Bodimaluwa,,Tirunelveli West,,, Dehiatteyaya
Ihala Welgama,Dambullagama,Rallagerotawewa,Bogahakumbura,,Tirunelveli,,, Dehigama
Ihalapanangala,Damunumeya,Rallerotawewa,Bogahakumburuwela,,Thiruvadinilayam,,, Dehigolla
Ihalayagoda,Damunumulla,Rathgama,Bogala,,Thiruvaiyaru,,, Dehikinda
Ingiriya,Damunupola,Sahabandukokmaduwa,Bogamuwa,,Thottakadu,,, Dehipola
Ja-Ela,Damunupola North,Samodagama,Bogoda-aramba,,Tholakaddy,,, Dehivinna
Jaligoda,Dandenikumbura,Sapugahayaya,Bohara,,Thondaimanaru,,, Deliwa
Jaltara,Dankanda,Sapugoda,Bohettiya,,Thoppu,,, Dematan-Ella
Jambugaswadiya,Danture,Sapugodawela,Bohora,,Thullukudi Kudiyiruppu,,, Dematapelessa
Jambureliya,Dara-oya,Saputantirikanda,Bokolamulla,,Thumpalai,,, Demettanella
Jawatta,Daskara,Seenimodera,Bolagama,,Thumpankerni,,, Demodara
Josnell,Daulagala,Sigiriya,Boltumbe,,Thunnalai,,, Demoderawatta
Kirindiwela,Dawatagahamulatenna,Silvetgama,Bopetta,,Thunavy,,, Denagiriya
Kadawatha,Dedunupitiya,Sinigama,Bopitigoda,,Thuvarankerni,,, Detagamuwa
Kalutara,Dehianga,Talagahadiwela,Bopitiya,,Udaiyadi,,, Dewatagolla
Kumbuka,Dehiattawala,Talagasgoda,Boralankanda,,Udayarsamalankulam,,, Dewatura
Kahatapitiya,Dehideniya,Talagaspe,Boranjamuwa,,Udumbagal,,, Dewitotawela
Kiribathgoda,Dehideniya Madige,Talahagama,Boruggamuwa,,Udaiyarthurai,,, Deyiyannewela
Kottawa,Dehigahatule,Talalla North,Bossella,,Udupattukkandal,,, Diganatenna
Kaduwela,Dehigama,Talalla South,Botiyatenna,,Udupiddy,,, Dijjulana
Kaubedda,Dehigastenna,Talamporuwa,Bowalgaha,,Uduthurai,,, Dikirigolla
Kandana Kotahena,Dehintalawa,Talangalla,Bowatta,,Uduvil,,, Dikkapitiya
Labugama,Dehipagoda,Talangamuwa,Boyagama,,Uduveli,,, Dikwella
Ladduwa,Dehipe,Talangomuwa,Boyagoda,,Ukkulankulam,,, Dikwellagama
Langana,Dehipitiya,Talanwela,Budawatta,,Ulukkulam,,, Dikyaya
Lansiyawatta,Deiannewela,Telijjawila,Budunwela,,Uluvaneri,,, Dimbulamura
Lathpandura,Deiyannewela,Thawalama,Bulatgama,,Umaneri,,, Dimbulana
Latpandura,Dekinda,Uda Ambala,Bulathkohupitiya,,Umayartuvarankulam,,, Dimbulgahagedara
Laulupitiya,Deldeniya,Uda Aparekka,Bulatkohupitiya,,Unchalkaddi,,, Divitotawela
Lenagala,Delgasyaya,Udabalgama,Bulatwatta,,Upparu,,, Diwulgahagedara
Lenewara,Deliwela,Udabatgama,Bulatwelgoda,,Uppukkulam,,, Diyabetma
Leuwanduwa,Delmada,Udaberagama,Bulatwelkanda,,Upputtaravai,,, Diyabetme
Mabima,Delpatkada,Udagangoda,Bulugahapitiya,,Umayaalpuram,,, Diyabokandura
Mabima,Delpawana,Udagomadiya,Bulugammana,,Urani,,, Diyakola
Mabodale,Delpitiya,Udaheragama,Buluruppa,,Urelu,,, Diyaluma
Mabogoda,Deltota,Udakanuketiya,Bulutota,,Uriyan,,, Diyaluwa
Mabole,Demada-oya,Udakerawa,Buluwana,,Urumpirai,,, Diyapola
Mabula,Dembatagastenna,Udakerewa,Bungeriya,,Urvanikanpattu,,, Diyatalawa
Mabulgoda,Dembawa,Udugama,Bungiriya,,Usan,,, Dodan Atulpota
Madabaddara,Demodara,Valamitiyawa,Burunnawa,,Uthiravengai,,, Dodanetulpota
Madabawita,Demunapola North,Velgalla,Buthkanda,,Uthuvayankulam,,, Dodangolla
Madakada,Denapitiya,Vidaneachchigoda,Butkanda,,Uttukkulam,,, Dombagahawela
Maggona,Denike,Vidaneachchilagegoda,Colombage-ara,,Uvari,,, Doolalinda
Maharagama,Devahandiya West,Vidanearachchigoda,Dadayankanda,,Uvarkkulam,,, Doragoda-arawa
Malabe,Devinnegama,Vidanegegama,Dahenpahuwa,,Uvayatikulam,,, Dorapoda
Mathugama,Devita,Viharahena,Dalumurawatta,,Uyarapulam,,, Dulalinda
Mount Lavinia,Devon,Wabalakananke,Damahana,,Uyilankulam,,, Dultota
Nittambuwa,Dewahandiya,Wadiya,Dambawinna,,Uyilankulam,,, Dumbana
Nugegoda,Dewahandiya East,Wadiyagoda,Dambemada,,Vaddukoddai,,, Dummalatenna
Obberiya,Dewahandiya West,Waduborala,Dambulla,,Vadduvakallu,,, Dunikiyana
Ogodapola,Dewahuwa,Wadugegoda,Dambuluwana,,Vadakadu,,, Dunukewela
Okanduwa,Dewatagahamulatenna,Wadumulla,Damme,,Vaddakkachchi,,, Dunukeyana
Olabaduwa,Dibburuwela,Waduwadeniya,Dampelgoda,,Vaddakkandal,,, Dunumewa
Olaboduwa,Dickoya,Waduweliwitiya,Damunupola,,Vaddukkoddai East,,,Edandewela
Omatta,Diddeniya,Wagegoda,Danagama,,Vaddukkoddai West,,, Edandupola
Opalla,Digahawatura,Wagugoda,Dandawa,,Vairandakaddukulam,,, Egalla
Opata,Digala,Wahala,Dandeniya Pahala,,Vaiyakkarai,,, Egodagama
Opatha,Digana,Walgama,Dangampala,,Vakkappaddankandal-Metpuliyankulam,,, Egodakotagama
Opathella,Digane,Weeraketiya,Dankolagune,,Valaiyakadu,,, Egodamulla
Panadura,Diggala,Yakkalamulla,Dankumbura,,Valayanmadam,,, Ehalagahawadiya
Padukka,Dihintalawa,,Dannoruwa,,Valalai,,, Ekeriyankumbura
Radamulla,Dikirillagolla,,Daswatta,,Vallai,,, Ekeriyawatta
Radawadunna,Dikkumbura,,Davulkaragoda,,Vallan,,, Ekiriya
Radawana,Dikoya,,Dayigala Ihala,,Valliyappalai,,, Ekiriyankumbura
Raddalgoda,Dimbula,,Dayigala Pahala,,Vallipuram,,, Ekiriyawatta
Raddegoda,Dimbulgahakotuwa,,Debagama,,Valantalai,,, Ekriyankumbura
Raddoluwa,Dimbulgoda,,Debathgama,,Valappadu,,, Elamalpota
Ragama,Dimbulkumbura,,Dedigama,,Valveddi,,, Elandagoda
Rajagiriya,Dippitiya,,Dedugala,,Valvettiturai,,, Elewala
Rambukkana,Divulgaskotuwa,,Degalaeriya,,Valigramam,,, Elewela
Ramminike,Diyabubula,,Deharagoda,,Vanchiyankulam,,, Ella
Ratmalana,Diyapalagoda,,Dehenakanda Deheragoda,,Vanchiyankulam Mavilankeni,,, Ella Town
Samanabedda,Dodamitiyawa,,Dehigahapitiya,,Vankalai,,, Ella-alutwela
Samanabedde,Dodandeniya,,Dehigampala,,Vankalaikkulam,,, Ellagama
Sambagama,Dodandeniya,,Dehigastalawa,,Vannakulam,,, Ellanda
Sangarama,Dodangolla,,Dehimaduwa,,Vannakulam,,, Ellande
Sapugaskanda,Dodankumbura,,Dehiowita,,Mannar,,, Ellatota
Sapugaskande,Dodanwala,,Dehipahala,,Vannakulam West,,, Ellealutwela
Sarikamulla,Dolapihilla,,Dehipitiya,,Vannamarutankulam,,, Ellegama
Sarikkamulla,Dolosbage,,Deiyagala,,Vannamoddai,,, Ellegama
Sayakkaramulla,Dolosbage Bazaar,,Dela,,Vannankeni,,, Ellekona
Sedawatta,Doluwa,,Delarawa,,Vannankulam,,, Elletota
Tabuwana,Dombagammana,,Deldeniya,,Vannankulam,,, Elwatta
Talagala,Dombagasdeniya,,Delgahagoda,,Jaffna,,, Elwatta
Talagama,Dombagoda,,Delgahatenna,,Vannanpuliyankulam,,, Elwatta
Talahena,Dombawala,,Delgamuwa,,Vannansinnakkulam,,, Embilipitiya
Talahena,Dombawela,,Delgoda Delgomuwa,,Vannarpannai,,, Erabadda
Talahera,Doragomuwa,,Deliwala,,Vannarpannai North West,,, Erabaddegama
Talahitiya,Dorakumbura,,Dellaboda,,Vannarpannai South East,,, Etagama
Talangama,Doraliyadda,,Deloluwa,,Vannarpannai South West,,, Etakumbura
Talangama North,Doranegama,,Delpatdeniya,,Vannivilankulam,,, Etambagaskandura
Talangama South,Dowita,,Delpothdeniya,,Vannichchiyatidal,,, Etanamada
Uda Kanugala,Dowitagammedda,,Delwala,,Vanniyanmadu,,, Etandagoda
Udagama,Dullewa,,Demada,,Vairava Pulo Kulam,,, Etiliwewa
Udaganella,Dulmure,,Demalahiriya,,Vannikulam,,, Etimale
Udahamulla,Dulwela,,Demanagammana,,Varani,,, Etimole
Udahamulupattiya,Dumbukola,,Dembatanpitiya,,Varanilvattalai,,, Etimole
Udakamanpella,Dunkumbura,,Demodara,,Variveli,,, Etimole Colony
Udakamanpelle,Dunukaula,,Denagama,,Vairavarpuliyankulam,,, Etkandawaka
Udakananpella,Dunukebedda,,Denawaka Patakada,,Varuthalaivilan,,, Etpattiya
Udamapitigama,Dunukeula,,Denawaka Udakada,,Vasavilan,,, Ettalapitiya
Vavulagallana,Dunukewatta,,Denawakawatta,,Vatharaveddai,,, Ettalawela
Veyangoda,Dunuwila,,Denihena,,Vattirayan,,, Ettampitiya
Vitanamulla,Ebbawala,,Denuwakanda,,Vathiri,,, Ettampitiya Town
Waddegoda,Edanduwawa,,Depedene,,Vattappalai,,, Ettanipitiya
Wadduwa,Egodagama,,Deraniyagala,,Vavunikulam,,, Ewariyapelassa
Wadugama,Egodakanda,,Dessepota,,Vavuniya,,, Ewariyapelessa
Wadugoda,Egodamulla,,Detabodakanda,,Vavuniyanperiyakulam,,,Gabadagoda
Wadumulla,Egodawela,,Detawala,,Vayittiyankudiyiruppu,,, Gadadehigolla
Wadurawa,Ehalagastenna,,Devanagala,,Vedamakilankulam,,, Gal Oya
Waduruwa,Ehalamalpe,,Dewalagama,,Veddaiyadaippu,,, Galabedda
Waga,Ekamuthugama,,Dewanagala,,Veddayamurippu,,, Galagediyaya
Yakkala,Ekiriya,,Dewaragampola,,Veddukkadu,,, Galahitiyawa
Yatiyanthota,Eladetta,,Digadure,,Vedivaittakallu,,, Galakulugolla
,Elamaldeniya,,Digalla Diganakanda,,Veeman Gramam,,, Galanda
,Elamalwewa,,Digogedara,,Viramanikkatevanturai,,, Galanihegama
,Elgama,,Digowa,,Velakulam,,, Galapitakanda
,Elhanyaya,,Dikelikanda,,Velanai,,, Galauda
,Elikewela,,Dikella,,Velankulam,,, Galawadiya
,Elkaduwa,,Dikellekanda,,Vavuniya,,, Galbokka
,Ellauda,,Dimbulgamuwa,,Velarchinnakkulam,,, Galbokkegama
,Ellekumbura,,Dimbulwala,,Velikkandal,,, Galewadiya
,Ellepola,,Dimiyawa,,Velikkulam,,, Galgamuwa
,Ellewatta,,Dimiyawegodella,,Vellai,,, Galge
,Elliyadda,,Dippitigala,,Vellalakaddu,,, Galgediyawa
,Elotuwa,,Dippitiya,,Vellampakkaddy,,, Galgewela
,Elpitiya,,Divurumpitiya,,Vellamullivaikal,,, Galgoda
,Embalagama,,Diwala Pallegama,,Vellankulam,,, Galgoda-Araluwinna
,Embekka,,Diwala Udagama Diwelgama,,Vempootukeni,,, Galigamuwa
,Embilimigama,,Diyabibile,,Veppankulam,,, Galkotuwa
,Embilmeegama,,Diyagala,,Veppankulam South,,, Galloba
,Embitiyawa,,Diyagama,,"Veravil, Vettilaikkerni",,, Galmulla
,Embulambe,,Diyahitiyawala,,Vettaimakkalkudiyiruppu,,, Galoba
,Embulpure,,Diyainna,,Vidattalkaddusinnakulam,,, Galtumbe
,Enasalmada,,Diyapota,,Vidattalpalai,,, Galula
,Endarutenna,,Diyasunnata,,Vidattaltivu,,, Galwalalla
,Enkendagolla,,Diyawinna,,Vidaththal-Pazhai,,, Galwangedipola
,Eramudugolla,,Dodammuluwa,,Vidaththal-Munai,,, Galwetiya
,Eramuduliyadda,,Dodampe,,Vidaththal-kaddu chinnak-kulam,,, Gambedda
,Erawula Pahalagama,,Dodampegoda,,"Vilan, Vilathikulam",,, Gamekumbura
,Eregoda,,Dodampitiya,,Villamparuku,,, Gamewela
,Ereula Pahalagama,,Dodantale,,Vimankallu,,, Gampaha
,Etabendiwewa,,Dodawatta,,Vira Manikkatevan Turai,,, Gangoda
,Etakehellanda,,Dolekanda,,Viyaddikkulam,,, Gangoda-arawa
,Etambagahawatta,,Doloswala,,Viyaparimulai,,, Gangodagama
,Etambagahawatta Udispattu,,Doloswalkanda,,Viyayadippannai,,, Gangodapanguwa
,Etambagolla,,Dombagammana,,,,, Gannekkumbura
,Etambegoda,,Dombagaswinna,,,,, Gannekumbura
,Etamulla,,Dombemada,,,,, Garandiulla
,Etipola,,Dombepola,,,,, Gasgolla
,Etulgama,,Dompemulla,,,,, Gawalagama
,Gabbala,,Dompitiya,,,,, Gawarammana
,Gadaladeniya,,Dooldeniya,,,,, Gawarawela
,Galabadawatta,,Doolgala,,,,, Gawela
,Galabawa,,Doranuwa,,,,, Gedarakumbura
,Galaboda,,Dorapane,,,,, Gediwila
,Galabodawatta,,Dorawaka,,,,, Gerandibakinna
,Galagama,,Dorawela,,,,, Gerendiela
,Galagedara,,Duldeniya,,,,, Ginigathgala
,Galagoda,,Dumbara Dumbuluwa,,,,, Gira-andura
,Galaha,,Dumbuluwawa,,,,, Giragammana
,Galaha Town,,Dumbuluwawaka,,,,, Giramba
,Galahitiyagama,,Dumbuluwewa,,,,, Giranduwa
,Galahitiyawa,,Dummaladeniya,,,,, Giriwara
,Galaliyadda,,Dunugama,,,,, Godahena
,Galamuduna,,Dunukewala,,,,, Godawelipokuna Hela
,Galata,,Dunumale,,,,, Godayagama
,Galauda,,Dunumandalawa,,,,, Godegama
,Galaudahena,,Duragekanda,,,,, Godigamuwa
,Galboda,,Durakanda,,,,, Godunna
,Galdola,,Ebetota,,,,, Gomagoda
,Galewela,,Ebidigala,,,,, Gonabokka
,Galgomuwa,,Edanduwawa,,,,, Gonagala
,Galhinna,,Edurapola,,,,, Gonamotawa
,Galkadawela,,Edurapota,,,,, Gonatalawa
,Galketiwela,,Egalla,,,,, Gonatibbatugolla
,Gallahawatta,,Egallekanda,,,,, Gonawala
,Gallella,,Eggodakanda,,,,, Goniketiya
,Gallinda,,Egodagoda,,,,, Gonkatuwa
,Galpitiya,,Egodakanda,,,,, Gontalawa
,Galuke,,Egodawatugoda,,,,, Gorandihela
,Galwadukumbura,,Egolla,,,,, Gotamegama
,Galwaduwagama,,Ehalagaha-arawa,,,,, Gotuwela
,Galwangedihena,,Ehelekumbura,,,,, Goussa
,Galwetiyaya,,Eheliyagoda,,,,, Goussagama
,Gammaduwa,,Ekiriyagala Ekneligoda,,,,, Gungoda-arawa
,Gammulla,,Ela-Ihala,,,,, Guruhela
,Gammunukumbura,,Elagalla,,,,, Gurukumbura
,Gampola,,Elamaideniya,,,,, Gurumada
,Gampola Town,,Elamalpe,,,,, Gurumada
,Gampolawela,,Elangipitiya,,,,, Gurupanwela
,Gamunukumbura,,Elapata,,,,, Gurupihilla
,Ganegalagammedda,,Elibodakanda,,,,, Gurutalawa
,Ganegoda,,Ella,,,,,Habessa
,Gangahenwala,,Ellawala,,,,, Hadiakumbura
,Gangoda,,Ellawala Ihalagama,,,,, Hakgala
,Gangodagammedda,,Ellawala Pahalagama,,,,, Halatutenna
,Gangodapitiya,,Ellearawa,,,,, Haldummulla
,Ganguldeniya,,Ellegedara,,,,, Haldumulla
,Ganhata,,Ellehena,,,,, Hali Ela
,Gankewala,,Ellekanda,,,,, Halpe
,Gankewela,,Ellepola Ellewatta,,,,, Hamagolla
,Gannoruwa,,Elugala,,,,, Hamanawa
,Gansarapola,,Elugalla,,,,, Hamapola
,Gedaramada,,Eluwana,,,,, Hambegamuwa
,Gedarawela,,Eluwana,,,,, Handiyakumbura
,Gelioya,,Embilipitiya,,,,, Hangilie-ella
,Gerandigala,,Embilipitiya Pallegama,,,,, Hangiliella
,Getambe,,Embilmiwala,,,,, Hangunnawa
,Getiyawala,,Embuldeniya,,,,, Hanthiyawa
,Gettapola,,Embulmiwala,,,,, Hanukatapitiya
,Gettiyawala,,Emitiyagoda,,,,, Hanwella
,Giddawa,,Endana,,,,, Hapatgamuwa
,Ginigathena,,Endirikele,,,,, Happoruwa
,Ginnoruwa,,Endiriyanwala,,,,, Hapugolla
,Giragama,,Epalapitiya,,,,, Haputale
,Giragma,,Epalatotuwa Epalawa,,,,, Haputalegama
,Girahagama,,Epitawala,,,,, Harakgamakanda
,Girantalawa,,Eppelapitiya,,,,, Harankahawa
,Giraulla,,Erabadda,,,,, Hathkinda
,Girihagama,,Erabadupela,,,,, Havanawela
,Godagama,,Erabedda,,,,, Heenapahuwa
,Godagandeniya,,Erabudupitiya,,,,, Heewelkandura
,Godakumbura,,Erabuduwala,,,,, Hegoda
,Godamuna,,Eraminigammana,,,,, Hela Tuntala
,Godamuduna,,Eratnagoda,,,,, Hela-alagolla
,Godamunna,,Eregama,,,,, Heladangamuwa
,Godapola,,Erepola,,,,, Helauda
,Godapussa,,Ereporuwa,,,,, Helaula
,Godatale,,Ereporuwa,,,,, Hemagolla
,Godawela,,Erevupola,,,,, Hemakandapitiya
,Godigamuwa,,Eriyawa,,,,, Henditiyawa
,Golahenwatta,,Etaheraliyagoda,,,,, Henebadda
,Golegammana,,Etawakwala,,,,, Hepola
,Gollangolla,,Etnawala,,,,, Hetekma
,Gomadale,,Etoya,,,,, Hevelwela
,Gomagoda,,Evunugalla,,,,, Hewanwatta
,Gonapola,,Gabbala,,,,, Hewelkandura
,Gonawala,,Gabbela,,,,, Hidagama
,Gonawatta,,Gabbelawatta,,,,, Hidagamawatta
,Gonawela,,Gadapola,,,,, Hidikiula
,Gondeniya,,Galadeniya,,,,, Hinapanuwa
,Gondewala,,Galahitigama,,,,, Hindagoda
,Gonigoda,,Galahitiya,,,,, Hingurugamuwa
,Govindala,,Galamella,,,,, Hingurukaduwa
,Gunadaha,,Galapahalagama,,,,, Hinnarangahakumbura
,Gunnepana Gabadagama,,Galapaya,,,,, Hinnarangolla
,Gunnepana Madige,,Galapitamada,,,,, Hinnariyamala
,Gunnepana Pallegammedda,,Galapitimada,,,,, Hirimole
,Gunnepana Udagammedda,,Galatara,,,,, Hiripitiya
,Gurubebila,,Galaudakanda,,,,, Horabokka
,Gurudeniya,,Galayatakanatta,,,,, Horabora
,Gurugala Ella,,Galboda Galbokaya,,,,, Horadaruwa
,Gurugama,,Galenda,,,,, Horadoruwa
,Gurukete,,Galgomuwa,,,,, Horagune
,Gurulupota,,Galkaduwa,,,,, Horambuwa
,Guruwela,,Galkanda,,,,, Horatota
,Hakmana,,Galkandagoda,,,,, Horoumbawa
,Hakurutale,,Galkerekanda,,,,, Hulandawa
,Haladiwela,,Galketiya,,,,, Humbahemada
,Halagama,,Gallassapola,,,,, Hunuketapitiya
,Halangoda,,Gallela,,,,, Huratgamuwa
,Halgolla,,Gallelletota,,,,,Ibbanella
,Haliyadda,,Gallenakanda,,,,, Idalgashinna
,Haliyala,,Gallinna,,,,, Idambowa
,Haliyedde,,Galpallelanda,,,,, Idamegama
,Halmehikandura,,Galpata,,,,, Ihala Pewuwewa
,Halminiya,,Galpaya,,,,, Ihala Pewwewa
,Halpola,,Galpola,,,,, Ihawa
,Handabowa,,Galukagama,,,,, Ikiriyanpola
,Handaganawa,,Galwalagoda,,,,, Ilakkepudena and Dumbadawellawa
,Handessa,,Gamagepetta,,,,, Illuka
,Hangaran Oya,,Gamekkanda,,,,, Illukpelessa
,Hangarandeniya,,Gamikkanda,,,,, Illuktenna
,Hangarapitiya,,Gammanagoda,,,,, Ilukarawa
,Hangran Oya,,Gammannagoda,,,,, Ilukketiya
,Hanguranketa,,Gammedda,,,,, Ilukkumbura
,Hanguranketa Town,,Gampalawalakada,,,,, Ilukpelessa
,Hanwella,,Ganegama,,,,, Iluktenna
,Happawara,,Ganegangoda,,,,, Ilukwelagama
,Hapudandawala,,Ganegoda,,,,, Imbulgoda
,Hapudandawela,,Gangalagomuwa Gangekumbura,,,,, Inawella
,Hapugaha-Arawa,,Gangoda,,,,, Indigasella
,Hapugahamulla,,Gangodagama,,,,, Indigaswala
,Hapugahapitiya,,Gangodakanda,,,,, Inginiyagala
,Hapugaharawa,,Gangodakumbura,,,,, Inginiyalgala
,Hapugasdeniya,,Gangulwitiya,,,,, Inipanduregoda
,Hapugaspitiya,,Ganitapura,,,,, Iriwendumpola
,Hapugastalawa,,Ganithapura,,,,, Iruwendumpola
,Hapugoda,,Gansabhawa,,,,, Issanne-Ara
,Hapukanda,,Gantuna Pallegama,,,,, Itanawatte Megodagama
,Hapupe,,Gantuna Udagama,,,,, Itanawatte Thanayamgama
,Haputale Pallegama,,Gantune-Pallegama,,,,, Ititembalagama
,Haputale Udagama,,Gantune-Udagama,,,,, Ititempola
,Haputale Udagammedda,,Garagoda,,,,, Ititumbala
,"Hapuwala, Haragama",,Gasnawa,,,,,Jangula
,Haraggama,,Gawaragiriya,,,,,Jangulle
,Harakola,,Gayirenagama,,,,,Jasingama
,Harangala,,Gerandiella,,,,,Kabilidowa
,Harankahagoda,,Gerapatgama,,,,, Kabilladowa
,Harankahawa,,Getaberikanda,,,,, Kabillewela
,Harasbedda,,Getahetta,,,,, Kabillidowa
,Harasgama,,Getamuruta,,,,, Kadapalla
,Harden-huish,,Getangama,,,,, Kadarawa
,Hassalaka,,Getiyamulla,,,,, Kaddearawa
,Hatadukkuwa,,Gevilipitiya,,,,, Kadegangoda
,Hatamunagala,,Gilimale,,,,, Kadigangoda
,Hataraliyadda,,Ginihappitiya,,,,, Kadupara
,Hathugoda,,Ginitillawala Giramadola,,,,, Kadurugahapelessa
,Hatiyaldeniya,,Glenella,,,,, Kadurugamuwa
,Hatiyalwela,,Godagama,,,,, Kahagolla
,Hatnagoda,,Godagampola,,,,, Kahambana
,Hatton,,Godagandeniya,,,,, Kahatagahamaditta
,Hatugoda,,Godagedara,,,,, Kahatamaditta
,Hedeniya,,Godakawela,,,,, Kahatamba
,Hedunuwawa,,Godakumbura,,,,, Kahatapitiya
,Hegama,,Godapola,,,,, Kahatarupe
,Hegasulla,,Godawela,,,,, Kahataruppa
,Helambagahawatta,,Godayakanda,,,,, Kahattamba
,Hemagahahena,,Godella,,,,, Kahattewela
,Hembarawa,,Godigamuwa,,,,, Kairatnagama
,Hemure,,Golahela,,,,, Kalabore
,Henagahawela,,Gomaduwa,,,,, Kalabullanda
,Henagehuwala Medagammedda,,Gomiarawa Gonagala,,,,, Kalagahakivula
,Henapola,,Gonagaldeniya,,,,, Kalagahaulla
,Henaya Rotawewa,,Gonagomuwa,,,,, Kalagahawaka
,Hendeniya,,Gonakumbura,,,,, Kalawelara
,Henegama,,Gonapitiya,,,,, Kalawelgala
,Henegama Palkumbura,,Gonaramba,,,,, Kalawelpotha
,Henepola,,Gonawala,,,,, Kaleela
,Hepana,,Gondiwala,,,,, Kaletibbawelagama
,Hettigammedda,,Gorokgahamada,,,,, Kalkanna
,Hevanewala,,Gulanekanda,,,,, Kalubullanda
,Hewaheta,,Guriyamba,,,,, Kalugahakandura
,Hewanetenna,,Gurubewila,,,,, Kalugahatenna
,Hewanewala,,Gurubewilagama,,,,, Kalugahawadiya
,Hewawissa,,Gurugalla,,,,, Kalugala
,Hewawisse,,Gurulawella,,,,, Kaluobbe
,Hiddaulla,,Guruluwana,,,,, Kalupahana
,Hilpankandura,,Haalmessa,,,,, Kanahela
,Hilpenkandura,,Habalakkawa,,,,, Kanahititenna
,Hilton Colony,,Habbeliara,,,,, Kanalkumbura
,Himbiliyakada,,Habbunkaduwa,,,,, Kanawarella
,Hinagama,,Hakahinna,,,,, Kanawegalla
,Hindagala,,Hakamuwa,,,,, Kanda
,Hindagoda,,Hakurugammana,,,,, Kandakapuulpota
,Hindirigama,,Hakuruliyadda,,,,, Kandakepu-ulpota
,Hingulwala,,Halagiriya,,,,, Kandane Ihala
,Hingulwela,,Halaturakele,,,,, Kandane Pahala
,Hingurewela,,Idampitiya,,,,, Kandanketiya
,Hingurukaduwa,,Idangoda,,,,, Kandauda Panguwa
,Hinnarangolla,,Iddamalgoda,,,,, Kandegama
,Hippala,,Iddawala,,,,, Kandegedara
,Hippola,,Iduranpitiya,,,,, Kandekumbura
,Hiriyalagammana,,Ihala Dayigala,,,,, Kandetta
,Hitgoda,,Ihala Kalugala,,,,, Kandinwatta
,Hitgoda Walpola,,Ihala Pohorabawa,,,,, Kandubedda
,Hitigegama,,Ihalagalagama,,,,, Kankanangoda
,Hitigolla,,Ihalagama,,,,, Kanugolla
,Hiyadala,,Ihalakanda,,,,, Kanulwela
,Hiyadala,,Ihalakotte,,,,, Kanulwela Vidiya
,Hiyadala Walpola,,Ilipangamuwa,,,,, Kanupalaella
,"Hiyarapitiya, Hiyawela",,Illukpitiya,,,,, Kanuwela Widiya
,Holbrook,,Illuktenna,,,,, Kapallewela
,Homagama,,Ilubbuluwa,,,,, Kapuyaya
,Homapola,,Ilukgoda,,,,, Karadegangoda
,Hombawa,,Ilukkumbura,,,,, Karagahawela
,Horagahapitiya,,Ilukkumburagoda,,,,, Karagahawela
,Horakada,,Ilukpitiya,,,,, Karagaskandura
,Horton Plains,,Iluktenna,,,,, Karagastenna
,Huduhumpola,,Ilwana,,,,, Karametiya
,Hulangamuwa,,Imbulamura,,,,, Karametiya
,Huluganga,,Imbulana,,,,, Karana
,Huluganga Town,,Imbulgala,,,,, Karandagahamada
,Hunnasgiriya,,Imbulgoda,,,,, Karandagolla
,Hunuange Bogaskumburegammedda,,Imbulhititenna,,,,, Karande
,Hunuange Imbulkotadeniya,,Imbulpe,,,,, Karandegama
,Hunugalpitiya,,Imbulpitiya,,,,, Karandegangoda
,Hunuketa-ela,,Imekanda,,,,, Karandugala
,Hunuketawala,,Imewatta,,,,, Karanemma
,Hunuketella,,Indikatupana,,,,, Katabowe
,Hurikaduwa,,Indolewatta,,,,, Kataragama
,Hurikaduwa Madige,,Indurana,,,,, Katugaha
,Idamagama,,Induranpitiya,,,,, Katugahagalge
,Idampitiya,,Induruwa,,,,, Katugallegama
,Ihagama,,Ingiriyawatta,,,,, Katuwawala
,Ihaladiggala,,Iriyamaditta,,,,, Kavudawa
,Ihalagama Niyangama,,Iriyaulla,,,,, Kavudella
,Ihalakande Bavulana,,Ittekanda,,,,, Kebellewela
,Illagolla,,Jatunkanda,,,,, Kebilidowa
,Illawatura,,Jeewana,,,,, Keenahela
,Illukpelessa,,Jeewandeniya,,,,, Keeriyagolla
,Illuktenna,,Jiwana,,,,, Kehelagala
,Illukwatta,,Jiwanadeniya,,,,, Kehelattawela
,Ilpemada,,Kabagamuwa,,,,, Kehelkumbura
,Ilukhena,,Kabulumulla,,,,, Kehellanda
,Ilukpelessa ,,Kachchigala,,,,, Kehelpota
,Iluktenna,,Kadadora,,,,, Kehelwatta
,Ilukwatta,,Kadadorakanda,,,,, Kelinhitiyawa
,Imaduwa,,Kadawatakanda,,,,, Kelipanawela
,Imbulandanda,,Kadawattiya,,,,, Keliwessa
,Imbuldeniya,,Kadigamuwa,,,,, Kendagolla
,Imbuletenna,,Kadigomuwa,,,,, Kendaketiya
,Imbulgolla,,Kadigomuwa,,,,, Kendalagama
,Imbulmalgama,,Labugama,,,,, Kendawinna
,Imbulpitiya,,Lahupane,,,,, Keriyagolla
,Inguruwatta,,Lakmana,,,,, Ketagodagama
,Inigala,,Lambutuwa,,,,, Ketakele
,Ipiladana,,Landuyaya,,,,, Ketakelegama
,Irahanda,,Lassegama,,,,, Ketawatta
,Iriyagolla,,Lassekanda,,,,, Ketawela
,Irrahanda,,Leeniyagala,,,,, Kethdambuwawa
,Ittamalliyagoda,,Lekamagoda,,,,, Kethdaubuwawa
,Ivurawala,,Lekamgoda,,,,, Kimbulawela
,Jahakagama,,Lellagoda,,,,, Kimbullawa
,Jiwanawatta,,Lellopitiya,,,,, Kinagoda
,Kadadekawew,,Lenagala,,,,, Kinahela
,Kadadoovapitiya,,Lenagala Ihala,,,,, Kindagalla
,Kadadora Pallegammedda,,Lenagala Pahala,,,,, Kindigoda
,Kadadora Udagammedda,,Lendaramulla,,,,, Kinigama
,Kadadorapitiya,,Lessagama,,,,, Kinnarabowa
,Kadawala,,Leuke,,,,, Kinvelgoda
,Kadawatgama,,Lewala,,,,, Kiramanagoda
,Kadugannawa,,Lewangama Dumbuluwa,,,,, Kiranaulpota
,Kadugawnawa,,Lewangama Pahalagama,,,,, Kirawanagama
,Kaduwela,,Lewangama Talawatta,,,,, Kirawanagoda
,Kahagala,,Lewangama Udagammedda,,,,, Kirawanella
,Kahalla,,Liniyagala,,,,, Kirenagoda
,Kahapathwela,,Liniyakaduwa,,,,, Kirimetiya
,Kahapatwala,,Liyana-arachchigama,,,,, Kirindegama
,Kahatadanda,,Liyanagegama,,,,, Kirioruwa
,Kahatagaha,,Liyandawela,,,,, Kiriwala
,Kahatagaha Aswedduma,,Liyangahatota,,,,, Kiriwanagama
,Kahatagastenna,,Liyangastota,,,,, Kiriyagolla
,Kahatapitiya,,Lolgoda,,,,, Kitalella
,Kahawatta,,Maboda,,,,, Kithulkote
,Kahawatugoda,,Mabopitiya,,,,, Kitulawela
,Kaikawala,,Madagammana,,,,, Kitulkote
,Kaineke,,Madakandura,,,,, Kitulwatta
,Kalaganwatta,,Madalagama,,,,, Kiuleyaya
,Kalagolla,,Madampe,,,,, Kivula
,Kalalgamuwa,,Madana,,,,, Kivulegama
,Kalalpitiya,,Madare,,,,, Kivulegedaragama
,Kalapathwela,,Naberiyawa,,,,, Kivuleyaya
,Kalapitiya,,Nabuluwa,,,,, Kiwuleyaya
,Kalawa,,Nadeniya,,,,, Kodayanna
,Kalawagahawadiya,,Nagoda,,,,, Kohana
,Kalawala,,Nagomuwa,,,,, Kohile
,Kalaweldeniya,,Nahalwatura,,,,, Kohombe
,Kalotuwawa,,Nahitiya,,,,, Kohonawala
,Kaludella,,Nakandala,,,,, Kohowila
,Kaludemada,,Nakkawita,,,,, Kohowila-Kitulwatta
,Kaludewala,,Obokka,,,,, Kohukumbura
,Kalugal-oya,,Oddape,,,,, Kokatiyamaluwa
,Kalugala,,Oddare,,,,, Kokunawa
,Kaluganga,,Okanmulla,,,,, Kolabore
,Kaluwane,,Olagama,,,,, Kolalawatta
,Kambarawa,,Olitenna,,,,, Kolamana
,Kamburadeniya,,Olugala,,,,, Kolayaye
,Kammaltera,,Olugantota,,,,, Kolgoda
,Kanakkarapola,,Omalpe,,,,, Kolladeniya
,Kanangamuwa,,Opanake,,,,, Kolongasyaya
,Kandalama,,Opata,,,,, Kolongolla
,Kandangama,,Opatha,,,,, Kolonwinna
,Kandanhena,,Otnapitiya,,,,, Komaligama
,Kandapola,,Owala,,,,, Komarikagama
,Kande,,Owala Kudabage,,,,, Kongahakumbura
,Kandegama,,Owala Mahabage,,,,, Kongahalinda
,Kandegedara,,Owatta,,,,, Kongolla
,Kandekumbura,,Owatura,,,,, Konketiya
,Kandekumbura,,Owitigamuwa,,,,, Kontahela
,Kandekumbura,,Owitiwara,,,,, Koruppugama
,Kandemoragolla,,Padalangala,,,,, Kosgama Medawela
,Kandewela,,Padawigampola,,,,, Kosgama Pallewela
,Kanduregoda,,Padidora,,,,, Kosgama Udawela
,Kandy,,Padugama,,,,, Kosgolla
,Kannadeniya,,Pagalowita,,,,, Koskanuwa
,Kapuliyadda,,Pagoda,,,,, Koslanda
,Kaputupola,,Pahala Dayigala,,,,, Kossalpola
,Karagala,,Pahala Hinguruwaka,,,,, Kotabakme
,Karagama,,Pahala Kalugala,,,,, Kotabowa
,Karagastenna,,Pahala Pohorabawa,,,,, Kotabowe Vidiya
,Karakolagahatenna,,Rabbidigala,,,,, Kotagama
,Karakolagastenna,,Radagoda,,,,, Kotaganwella
,Karaliyadda,,Raddella,,,,, Kotagoda
,Karalliyada Kandegammedda,,Ragala,,,,, Kotakitulegama
,Karalliyadda,,Ragalkanda,,,,, Kotamuduna
,Kandegammedda,,Rahala,,,,, Kotaneluwa
,Karamada,,Rajawaka,,,,, Kotawera Pallegama
,Karamindula,,Rakwana,,,,, Kotawera Udagama
,Karandagolla,,Rambuka,,,,, Kotaweramankada
,Karandamaditta,,Rambukanagama,,,,, Kotiagoda
,Karuwalagahadewala,,Sannasgama,,,,, Kotigalhela
,Karuwalakelewatta,,Selawa,,,,, Kotigoda
,Karuwalakelle,,Silanarawa,,,,, Kotika-arawa
,Katarandana,,Silogama,,,,, Kotikanbokka
,Katarandena,,Singagoda,,,,, Kotmallanda
,Kathurupitiya,,Singahagoda,,,,, Kottagala
,Katugastota,,Singappulikanda,,,,, Kottagoda Pallegama
,Katumana,,Sinhalagoda,,,,, Kottagoda Udagama
,Katupathwela,,Sitagalapanguwa,,,,, Kottalbedda Medagangoda
,Kavudupelella,,Sitagangula,,,,,Labugastalawa
,Kavudupitiya,,Siyambalangamuwa,,,,, Landegama
,Kavulpana,,Siyambalapitiya,,,,, Landewela
,Kavulpone,,Siyambalapitiya,,,,, Landewela Bibiligamuwa
,Kawdupelella,,Siyambalapitiya,,,,, Leangawella
,Kawudupelella,,Siyambalawa,,,,, Lemastota
,Keenagolla,,Siyambalawala,,,,, Lindamulla
,Keerapone,,Siyambalawala,,,,, Liyadipitiya North
,Kehelella,,Sudagala,,,,, Liyadipitiya South
,Kehelwala,,Suduhakurukanda,,,,, Liyangolla
,Kehelwatta,,Suriyakanda,,,,, Lolle
,Kehelwatta,,Rassagala,,,,, Lollegama
,Kekelawatta,,Talagahawatta,,,,, Lukasgoda
,Kekulalanda,,Talagahayaya,,,,, Lunugala
,Kekulalla,,Talagaskanda,,,,, Lunupottawela
,Kekulanda,,Talangama,,,,,Madam
,Keliyalpitiya,,Talangama,,,,, Madawalanda
,Kendagolla,,Talapitiya,,,,, Madowita Landewela
,Kendagollamada,,Talapitiya,,,,, Madugahapattiya
,Kendaliadda,,Talawatta,,,,, Madugama
,Kendaliyadda,,Taldewa,,,,, Madugasmulla
,Kendangamuwa,,Talduwa,,,,, Madugastalawa
,Kengalla,,Uda Beddewala,,,,, Madulsima
,Kengalla Pahalagammedda,,Uda Dadayankanda,,,,, Madura Oya
,Ketakandura,,Uda Galadeniya,,,,, Magandanamulla
,Ketakumbura,,Uda Hinguruwaka,,,,, Magandena
,Ketayapatana,,Uda Karandupone,,,,, Maha-arawa
,Kimbulantota,,Uda Pamunuwa,,,,, Mahabadullagammana
,Kindigoda,,Uda Yogama,,,,, Mahagama
,Kinigama,,Udabage,,,,, Mahagangoda
,Kinigama,,Udagama,,,,, Mahagoda
,Kiralagama,,Veddagala,,,,, Mahakalugolla
,Kiralagolla,,Wadakahadeniya,,,,, Mahakandura
,Kiralessa,,Wadamaldeniya,,,,, Mahalunuke
,Kirapane,,Waddeniya,,,,, Mahapitiya
,Kirapone,,Wadiyatenna,,,,, Maharawa
,Kiribatkumbura,,Wadukanda,,,,, Mahaulpota
,Kirimedilla,,Wadumulla,,,,, Mahawela
,Kirimetiya,,Wadupola,,,,, Mahawelagama
,Kirimetiyawa,,Waduwadeniya,,,,, Mahawelatota
,Kirinda,,Waduwawela,,,,, Mailagamuwa
,Kirindewela,,Waguregama,,,,, Mailagastenna
,Kirindiketiya,,,,,,, Makulgolla
,Kirindiwelpola,,,,,,, Makulgolla
,Kirioruwa,,,,,,, Makulla
,Kiripattiya,,,,,,, Makullewatta
,Kiriwan Eliya,,,,,,, Makulugolla
,Kiriwanagoda,,,,,,, Malaboda
,Kiriwaula,,,,,,, Malabodagolla
,Kiriwavula,,,,,,, Maladanambe
,Kirlulgama,,,,,,, Malagastalawe Vidiya
,Kitulangomuwa,,,,,,, Malangama
,Kituldora,,,,,,, Malangamuwa
,Kitulpe,,,,,,, Malattewela
,Kiul-ulpota,,,,,,, Malgastalawe Vidiya
,Kiula,,,,,,, Malgoda
,Kiulewadiya,,,,,,, Maligahena
,Kobbeakaduwa,,,,,,, Maligatenna
,Kobbekaduwa,,,,,,, Malitenna
,Kobbewala,,,,,,, Malitta
,Kobbewehera,,,,,,, Malittenna
,Kochchikaduwa,,,,,,, Maliyadda
,Kohilawatta,,,,,,, Malwattegama
,Kohodeniya,,,,,,, Manaulpotta
,Koholanwala,,,,,,, Manawela
,Koholanwela,,,,,,, Mapa-Ella
,Koholdeniya,,,,,,, Marakkanawa
,Kohomada,,,,,,, Marawa
,Kohonapuwakgaha-ela,,,,,,, Mariarawa
,Kollawela,,,,,,, Maspanna
,Kolonella,,,,,,, Matikumbura
,Kolongastenna,,,,,,, Mausagolla
,Kolugala,,,,,,, Mayilagastenna
,Konakagala,,,,,,, Mayilahinna
,Konakalagala,,,,,,, Medabedda
,Kondadeniya,,,,,,, Medagama
,Kongahakotuwa,,,,,,, Medagedara
,Kongahamulla,,,,,,, Medagedaragama
,Kongahawela,,,,,,, Medagodagama
,Konkalagala,,,,,,, Medaoya
,Korahagoda,,,,,,, Medaoyegama
,Korahana,,,,,,, Medapatana
,Kosgalla,,,,,,, Medaperuwa
,Kosgama,,,,,,, Medawela
,Kosgolla,,,,,,, Medayaya
,Koshinna,,,,,,, Medebedda
,Kosinna,,,,,,, Medipitagama
,Koskote,,,,,,, Medipitiya
,Kosruppe,,,,,,, Medipokuna
,Kossinna,,,,,,, Meditale
,Koswana,,,,,,, Medyaye
,Koswatta,,,,,,, Meegahawela
,Kotabogoda,,,,,,, Mellagama
,Kotagala,,,,,,, Menadena
,Kotagepitiya,,,,,,, Mendalapitiya
,Kotakedeniya,,,,,,, Metigahatenna
,Kotakepitiya,,,,,,, Metipimbiya
,Kotakumbura,,,,,,, Metiwalalanda
,Kotaligoda,,,,,,, Mideniya
,Kotambe,,,,,,, Migahakiula
,Kotawagura,,,,,,, Migahawela
,Kotikambe,,,,,,, Migaswewa
,Kotinkaduwa,,,,,,, Migollegama
,Kotiyagala,,,,,,, Millabedda
,Kotmale,,,,,,, Mipanawa
,Kottala,,,,,,, Mirahana
,Kottinkaduwa,,,,,,, Mirahawatta
,Labugama,,,,,,, Mirisalgangoda
,Labugolla,,,,,,, Miriswatta
,Lagamuwa,,,,,,, Miriyabedda
,Landupita,,,,,,, Miyalgala
,Lappanagama,,,,,,, Miyanakandura
,Legundeniya,,,,,,, Miyangoda
,Leloya,,,,,,, Molandeniya
,Lemasuriyagama,,,,,,, Monaragala
,Lenadora,,,,,,, Monarawana
,Lenawala,,,,,,, Monaragala
,Lendora,,,,,,, Moragahamada
,Lesliewatta,,,,,,, Moragahapitiya
,Letiyahena,,,,,,, Moragahaulpota
,Leudeniya,,,,,,, Moragolla
,Lewdeniya,,,,,,, Morahela
,Lewella,,,,,,, Moramalpokuna
,Lewellagolla,,,,,,, Morana
,Lewla,,,,,,, Morattamulla
,Lindula,,,,,,, Moratuwegama
,Linipitiya,,,,,,, Moretota
,Liniyaketiya,,,,,,, Motamale
,Liyandeniya,,,,,,, Mudagamuwa
,Liyanwela Helagama,,,,,,, Mudawa
,Liyanwela Pahalagama,,,,,,, Mudiyala
,Loolkade,,,,,,, Mudumpitagama
,Lunugama,,,,,,, Mugunumata
,Maberiya,,,,,,, Mullegama
,Madadeniya,,,,,,, Munhena
,Madahapolakanda,,,,,,, Muppane
,Madakumbura,,,,,,, Muthugalawela
,Madampitiya,,,,,,, Muttettuwegama
,Madanwala,,,,,,, Muttukalewela
,Madawala,,,,,,, Mutuketiyawa
,Madawala Demalabage,,,,,,,Nagahadoruwa
,Madawala Madige,,,,,,, Nagolla
,Madawala Ulpota,,,,,,, Nahangoda
,Madiligama,,,,,,, Nakiyawela
,Madipola Marakkalabage,,,,,,, Nakkala
,Madugalla,,,,,,, Nambana
,Madulkele,,,,,,, Namunukula
,Madulkele Bazaar,,,,,,, Nannapurawa
,Madulla,,,,,,, Nape
,Madumana,,,,,,, Napepanguwa
,Maha Aswedduma,,,,,,, Naranmankada
,Maha Pattapola,,,,,,, Naranwana
,Mahagama Egodagama,,,,,,, Naththaranwalatenna
,Mahagama Megodagama,,,,,,, Naththaranweltenna
,Mahaiyawa,,,,,,, Naulla
,Mahakumbura,,,,,,, Nawala
,Mahalakotuwa,,,,,,, Nawalagama
,Mahalevakanda,,,,,,, Nawaneliya
,Mahanurora,,,,,,, Nawela
,Mahanuvara,,,,,,, Nawelagama
,Mahara,,,,,,, Nayinnewela
,Mahawala,,,,,,, Neboda
,Mahawatta,,,,,,, Neboda South
,Mailapitiya Lower,,,,,,, Neluw
,Mailapitiya Upper,,,,,,, Nemiella
,Maiyangana,,,,,,, Nevugala
,Makeliyawala,,,,,,, Newgala
,Makempe,,,,,,, Nik-aar
,Makuldeniya,,,,,,, Nik-ara
,Makulussa Colony,,,,,,, Nika-ara
,Malagammana,,,,,,, Nikapitiya
,Malagekumbura,,,,,,, Nikapota
,Malanwatta,,,,,,, Nikapotha
,Maldeniya,,,,,,, Nikawewa
,Malgammana,,,,,,, Nilawabedda
,Malgandeniya,,,,,,, Nilgala
,Malhewa,,,,,,, Niyadagala
,Maligatenna,,,,,,, Niyandagala
,Maliyadda,,,,,,, Nugadandawela
,Malulla,,,,,,, Nugamure
,Malwanahinna,,,,,,, Nugatalawa
,Mampitiya,,,,,,,Obbekota
,Manaboda,,,,,,, Ohiya
,Manahinda,,,,,,, Okkampitiya
,Manakola,,,,,,, Okkampitiya Ihalagama
,Mandandawela,,,,,,, Okurawa
,Mandaran Newara,,,,,,, Okuruwawa
,Mangalagama,,,,,,,Padukumbura
,Mangoda,,,,,,, Pahala Dangamuwa
,Manilwala,,,,,,, Pahala Pewwewa
,Mapanawatura,,,,,,, Pahala Pussellawa
,Mapanawatura,,,,,,, Pahala Tuntala
,Maradurawala,,,,,,, Pahala-Pewuwewa
,Maraka,,,,,,, Pahalagalbokka
,Marakkalagama,,,,,,, Pahalakumbura
,Marassana,,,,,,, Pahalaoya
,Maratugoda,,,,,,, Pahalayalkumbura
,Maratuwela,,,,,,, Pahamburutota
,Marawanagoda,,,,,,, Paile
,Martuwela,,,,,,, Palagolla
,Maruddana,,,,,,, Palawatta
,Marukona,,,,,,, Pallabahirawa
,Maskeliya,,,,,,, Pallapanguwa
,Maswela,,,,,,, Pallatalawa
,Matalapitiya,,,,,,, Palle Ranugalla
,Matale,,,,,,, Palle Tambana
,Matale Polwatta,,,,,,, Palle Waradola
,Matale Town,,,,,,, Palle-ella
,"Matgamuwa, ",,,,,,, Pallebahirawa
,Maturata,,,,,,, Pallebedda
,Mawatagama,,,,,,, Pallegama
,Mawatapola,,,,,,, Pallekanda
,Mawatura,,,,,,, Pallekiruwa
,Mawela,,,,,,, Pallemallehewa
,Mawilmada,,,,,,, Pallepanguwa
,Meda-Ela,,,,,,, Pallepattiyakumbura
,Medabedda,,,,,,, Palleperuwa
,Medagahawatura,,,,,,, Palletalawa
,Medagama,,,,,,, Pallewela
,Medagammedda,,,,,,, Pallewelipitiya
,Medagoda,,,,,,, Palugama
,Medakanda,,,,,,, Palugama-ella
,Medakele,,,,,,, Paluwatta
,Medakumbura,,,,,,, Panagoda
,Medapihilla,,,,,,, Panagodagama
,Medapititenna,,,,,,, Panakanniya
,Medapitiya,,,,,,, Panamapanguwa
,Medawala,,,,,,, Panditagama
,Meddegoda,,,,,,, Pangaragammana
,Meddehinna,,,,,,, Pangura
,Medilla,,,,,,, Panguwa
,Medilletenna,,,,,,, Panmedilla
,Mediriya,,,,,,, Pannakanniya
,Mediwaka,,,,,,, Pannalagama
,Mediyapola,,,,,,, Pansalwatta
,Meepitiya,,,,,,, Papale
,Mellagola,,,,,,, Paragaha-Ulpota
,Menikbowa,,,,,,, Paragahaella
,Menikdiwela,,,,,,, Paragolla
,Menikhinna,,,,,,, Paranagama
,Menikhinna Town,,,,,,, Parapawa
,Metagama,,,,,,, Paretota
,Metibembiya,,,,,,, Paspewela
,Metibokka,,,,,,, Passara
,Metideniya,,,,,,, Pataha
,Metihakka,,,,,,, Patahagala
,Metiwalatenna,,,,,,, Patanagedara
,Mideniya,,,,,,, Pathagala
,Migahahena,,,,,,, Pattaganwela
,Migammana,,,,,,, Pattipola
,Migammana Ihalagammedda,,,,,,, Pattipolagama
,Migammana Mahagammedda,,,,,,, Pattiyagedaragama
,Migammana Pallegama,,,,,,, Pattiyagoda
,Migaskotuwa,,,,,,, Pattiyakumbura
,Millapitiya,,,,,,, Pattiyawatta
,Millawana,,,,,,, Peelipotagama
,Millawana Ihalagama,,,,,,, Pelliwinna
,Millawana Pahalagama,,,,,,, Pelwatta
,Mimura,,,,,,, Pelwatta Pahalawela
,Minigamuwa,,,,,,, Pelwatta Udawela
,Minipe,,,,,,, Perahettiya
,Minuwangamuwa,,,,,,, Perawella
,Mipitiya,,,,,,, Petiyagoda
,Mirahampe,,,,,,, Pettaganwela
,Mirissala,,,,,,, Pewuwewa
,Miriyakada,,,,,,, Pidakumbura
,Miruppa,,,,,,, Pidakumburagama
,Mitalawa,,,,,,, Pilipotagama
,Miwaladeniya,,,,,,, Pillekumbura
,Miwatura,,,,,,, Pillewela
,Miyanagolla,,,,,,, Pimburaulpota
,Miyanakolamada,,,,,,, Pinnagolla
,Moladanda,,,,,,, Pissegama
,Molagoda,,,,,,, Pitadeniya
,Monaruwila,,,,,,, Pitahagedaragama
,Moragahamula,,,,,,, Pitakola Pallegama
,Moragahamulla,,,,,,, Pitakola Udagama
,Moragahaulpota,,,,,,, Pitakumbura
,Moragaspitiya,,,,,,, Pitamaruwa
,Moragolla,,,,,,, Pitatalawa
,Moragolleyaya,,,,,,, Pitawela
,Morahenegama,,,,,,, Pitawelagama
,Morape,,,,,,, Pitiyekumbura
,Morape Pallegammedda,,,,,,, Piyarapana
,Morape Udagammedda,,,,,,, Polgahaarawa
,Motamure,,,,,,, Polgahagama
,Mottuwela,,,,,,, Polgahakumbura
,Nabadagahawatta,,,,,,, Polgahatenna
,Nagahapola,,,,,,, Polkotan-arawa
,Nagahatenna,,,,,,, Polwatta
,Nagasena,,,,,,, Poodulla
,Nagolla,,,,,,, Pottaganwela
,Nalanda,,,,,,, Potubandana
,Namadagala,,,,,,, Potuliyadda
,Nanu Oya,,,,,,, Pubbara
,Nanumure,,,,,,, Puhulpola
,Napana Disaneggammedda,,,,,,, Punawinna
,Napana Disanekgammedda,,,,,,, Puralewela
,Napana Hunuangegammedda,,,,,,, Puranwela
,Napatawela,,,,,,, Puselketiya
,Narandanda,,,,,,, Pussalgolla
,Narangolla,,,,,,, Pussallakanda
,Narangomuwa,,,,,,, Pusselketiya
,Naranpanawa,,,,,,, Pussellawa
,Naranpanawa Dembatagolla,,,,,,, Puwakgahawatta
,Naranpanawa Disaneggammedda,,,,,,, Puwakgoda
,Naranpanawa Egodagammedda,,,,,,,Radakandurewela
,Naranpanawa Kandegammedda,,,,,,, Radaliyadda
,Naranpanawa Karagastenna,,,,,,, Rahupola
,Naranpanawe Dembatagolla,,,,,,, Rambukpota
,Naranpanawe Disanekgammedda,,,,,,, Ranasinghagama
,Naranpanawe Egodagammedda,,,,,,, Randeniya
,Naranpanawe Kandegammedda,,,,,,, Rannanguhawa
,Naranpanawe Karagastenna,,,,,,, Ranugalla
,"Narantalawa, Naranwala ",,,,,,, Ratambe
,"Naranwita, Nattarampota",,,,,,, Ratana
,Naula,,,,,,, Ratkarauwa
,Navangama,,,,,,, Rathkarawwa
,Nawalapitiya,,,,,,, Ratkitakanda
,Nawangama,,,,,,, Ratkittakanda
,Nawaragoda,,,,,,, Ratmalewehera
,Nawayalatenna,,,,,,, Ratmalgahaella
,Nawayalatenna Bazaar,,,,,,, Ratmalwehera
,Nawela,,,,,,, Rattanadeniya
,Nayakumbura,,,,,,, Rawanaella
,Nehiniwala,,,,,,, Rerawa
,Nelugolla,,,,,,, Rerupitiya
,Neluwakanda,,,,,,, Reulvala
,Nikagolla,,,,,,, Revulvala
,Nikahetiya,,,,,,, Rideepana
,Nikatenna ,,,,,,, Ridimaliyadda
,Nikawatawana,,,,,,, Ridimalliadde
,Nikawehera,,,,,,, Ridipana
,Nikawella,,,,,,, Ritigaha-arawa
,Nilagama,,,,,,, Ritigahadowa
,Nilawala,,,,,,, Ritigahawatta
,Nildandahinna,,,,,,, Ritikumbura
,Nilgala,,,,,,, Rittawela
,Nillambe,,,,,,, Rukkattana
,Nira-ella,,,,,,, Ruppebedda
,"Nittawela, Nittultenna",,,,,,,Seeniagaslanda
,Nituletenna,,,,,,, Seenigaslanda
,Nitulgahakotuwa,,,,,,, Senapathiya
,Niyambepola,,,,,,, Senapatiya
,Niyangama,,,,,,, Seranegama
,Niyangandara,,,,,,, Sinuggala
,Niyangandora,,,,,,, Sittarama
,Niyangoda,,,,,,, Siyambala-anduwa
,Niyarepola,,,,,,, Siyambalagune
,Norton,,,,,,, Siyambalanduwa
,Norto,,,,,,, Siyambalawinna
,Bridge,,,,,,, Soranatota
,Norwood,,,,,,, Stripuregama
,Norwood Bazaar,,,,,,, Sudupanawela
,Nugahapola,,,,,,, Sudupanawelagama
,Nugaliyadda,,,,,,, Suriya-aar
,Nugapitiya,,,,,,, Suriya-ara
,Nugatenna,,,,,,,Talabowatta
,Nugatota,,,,,,, Talagahagedara
,Nugawela,,,,,,, Talagangoda
,Nugawelagammedda,,,,,,, Talakolawewa
,Nugetenna,,,,,,, Talakumbura
,Nuwara Dodanwala,,,,,,, Talangamuwa
,Nuwara Dodanwela,,,,,,, Talapuranwela
,Nuwara Eliya,,,,,,, Talawa
,Nuwara Eliya Town,,,,,,, Talawatta
,Oggomuwa,,,,,,, Talawegama
,Ogodapola,,,,,,, Taldena
,Olaganwatta,,,,,,, Talgahadigane
,Old Peradeniya,,,,,,, Talgahakumbura
,Oligama,,,,,,, Talkota
,Oluwawatta,,,,,,, Tallanda
,Opalagala,,,,,,, Tampalawela
,Opalgalawatta,,,,,,, Tanamalwila
,Opalla,,,,,,, Telhawadigama
,Otagama,,,,,,, Tellulla
,Otalawa,,,,,,, Tembakumbura
,Ovisa,,,,,,, Tembakumburegama
,Owala ,,,,,,, Tennakonwela
,Owalapolwatta,,,,,,, Tennuge
,Owisa,,,,,,, Terappahuwa
,Oyatenna,,,,,,, Terela
,Padeniya,,,,,,, Tetille
,Padiwitagama,,,,,,, Thampalawela
,Padiwitawela,,,,,,, Thelhawadigama
,Padiyapelella,,,,,,, Thenkeliya
,Paduangoda,,,,,,, Thimbirigaspitiya
,Padupola,,,,,,, Timbirigahamankada
,Paduwangoda,,,,,,, Timbiriya
,Pahaladiggala,,,,,,, Tithawelkandura
,Pahalagammedda,,,,,,, Tiththawelkeula
,Pahalakande Bavulana,,,,,,, Tittawelgolla
,Pahalawela,,,,,,, Tittawelkandura
,Pahalawewa,,,,,,, Tolabowatta
,Paladoraell,,,,,,, Tolabowatta Pallegama
,Palagolla,,,,,,, Tolabowatta Udagama
,Palapatwela,,,,,,, Tundawela
,Palawa,,,,,,, Tunnawa
,Paldeniya,,,,,,,Uda Oyegama
,Palipana,,,,,,, Uda Waradola
,Palkade,,,,,,, Uda-Dompe
,Palkumbura,,,,,,, Uda-arawa
,Pallama,,,,,,, Uda-oyagama
,Palle,,,,,,, Udabahirawa
,Aludeniya,,,,,,, Udabokka
,Palle Deltota,,,,,,, Udadambiya
,Palle Galadebokka,,,,,,, Udagama
,Palle Hapuwida,,,,,,, Udagangoda
,Palle Henepola,,,,,,, Uda Oyegama
,Palle Ihagama,,,,,,, Uda Waradola
,Palle Mailapitiy,,,,,,, Uda-Dompe
,Palle Makuruppe,,,,,,, Uda-arawa
,Palle Talawinna,,,,,,, Uda-oyagama
,0Palle Talawinna Udagammedda,,,,,,, Udabahirawa
,Palle Weragama,,,,,,, Udabokka
,Palleaswedduma,,,,,,, Udadambiya
,Pallegama,,,,,,, Udagama
,Pallegama Ihalagammedda,,,,,,, Udagangoda
,Pallegama Pahalagammedda,,,,,,, Udakanda
,Pallegammedda,,,,,,, Udakendagolla
,Pallehaduwa,,,,,,, Udakohowila
,Pallehena,,,,,,, Udakumbalwela
,Pallekanda,,,,,,, Udakumbura
,Pallekele Kadawidiya,,,,,,, Udalakumbura
,Pallemaoya,,,,,,, Udamallehewa
,Pallepola,,,,,,, Udamulla
,Palletenna,,,,,,, Udapanguwa
,Pallewatta,,,,,,, Udapattiyagama
,Pallewela,,,,,,, Udapattiyakumbura
,Palleyaya,,,,,,, Udaperuwa
,Palu Rotawewa,,,,,,, Udatambana
,Palugama,,,,,,, Udaturegama
,Palukopiwatta,,,,,,, Udawadiya
,Pamunudeniya,,,,,,, Udawalawe
,Pamunuwa,,,,,,, Udawela
,Panabokke,,,,,,, Udayaya
,Panangammana,,,,,,, Udubadana
,Pananwala,,,,,,, Uduhawara
,Panatale,,,,,,, Udukumbalwela
,Panawelulla,,,,,,, Udukumbura
,Pangala,,,,,,, Udumulla
,Pangollamada,,,,,,, Udunuwatta
,Pannagama,,,,,,, Udupillegama
,Pannala,,,,,,, Ukdunuwatta
,Pannala I,,,,,,, Ulpenarawa
,Pannala II,,,,,,, Ulpota
,Pannampitiya,,,,,,, Ulugala
,Pannanpitiya,,,,,,, Ululla
,Panwatta,,,,,,, Ulvita
,Panwila,,,,,,, Uma Ela
,Panwila Town,,,,,,, Unagolla
,Panwilatenna,,,,,,, Unagollegama
,Paradeka,,,,,,, Unampitiya
,Paragahamada,,,,,,, Unapana
,Paragahawela,,,,,,, Unapotuwela
,Paragoda,,,,,,, Uraniya
,Parakatawella,,,,,,, Uraula
,Paranagama,,,,,,, Urumetenna
,Paranagama Hapukotuwegammedda,,,,,,, Urupitiya
,Paranagama Mandandawela,,,,,,, Ussagala
,Patkolagolla,,,,,,, Uyanabedda
,Pattitalawa,,,,,,,Veheragala
,Pattiwela,,,,,,,Velagangoda
,Pattiyamulla,,,,,,,Viharamulla
,Pattunupitiya,,,,,,,Viragaha-elle
,Payingomuwa,,,,,,,Viragahaella
,Pelawa,,,,,,,Vykumbra
,Pelena,,,,,,,Wadawala
,Pelenegama,,,,,,, Wadiyegama
,Pellepitiya,,,,,,, Wagurewela
,Penahetipola,,,,,,, Wahugalla
,Penalaboda,,,,,,, Wakarawa
,Penideniya,,,,,,, Wakkumbura
,Peradeniya,,,,,,, Walakumbura
,Peradenya,,,,,,, Walasbedda
,Petiyagoda,,,,,,, Walasella
,Piharallegam,,,,,,, Walhaputenna
,Pilapitiya,,,,,,, Walikemulla
,Pilawala,,,,,,, Wangiyakumbura
,Piligalla,,,,,,, Waradeniyawa
,Piligama,,,,,,, Waragama
,Pilihudugolla,,,,,,, Waralanda
,Pilihudugolla Ihalagama,,,,,,, Warralande
,Pilihudugolla Pahalagama,,,,,,, Watagodagama
,Piliwela,,,,,,, Watawana
,Pinnalandawatta,,,,,,, Watawanagama
,Pinnawala,,,,,,, Watta
,Pitakanda,,,,,,, Wattakele
,Pitawala,,,,,,, Wattegama
,Pitiyagedera,,,,,,, Wattegedara
,Pitunugama,,,,,,, Wattegepelessa
,Poddalgoda,,,,,,, Wattekele
,Poddalgoda Megodagama,,,,,,, Wattekele
,Pohaliyadda,,,,,,, Wattepanguwa
,Poholiadda,,,,,,, Wattewela
,Pohoranwewayaya,,,,,,, Waywatta
,Pokunuwatta,,,,,,, We-eliya
,Polgaha-anga,,,,,,, Wedigune
,Polgahange,,,,,,, Wedikumbura
,Polgolla,,,,,,, Wediwelagama
,Polmalagama,,,,,,, Weerapokuna
,Polommana,,,,,,, Weerasekeragama
,Polpitiya,,,,,,, Wegama
,Polwatta,,,,,,, Weheragala
,Polwatta Colony,,,,,,, Wekada
,Polwatte Ihalagama,,,,,,, Wekumbura
,Polwattekanda,,,,,,, Welanhinna
,Poppitiya,,,,,,, Welanpela
,Potawa,,,,,,, Welanwita
,Pottallinda,,,,,,, Welegama
,Pottatawela,,,,,,, Welegangoda
,Pottepitiya,,,,,,, Welgolla
,Pottila,,,,,,, Welhaputenna
,Pubbarawela,,,,,,, Weli-aar
,Pubbiliya,,,,,,, Weliara
,Puliyadda,,,,,,, Weliarawa
,Pulleniwatta,,,,,,, Welikadagama
,Punchlrambadagalla,,,,,,, Welikemulla
,Pundaloya,,,,,,, Welimada
,Pundaluoya,,,,,,, Weliulla
,Punduloya,,,,,,, Weliwatta
,Pupuressa,,,,,,, Welkele
,Puraamkumbura,,,,,,, Wellabokka
,Purankumbura,,,,,,, Wellawaya
,Purijjala,,,,,,, Wellawela
,Pussalagolla,,,,,,, Wellebokka
,Pussalakandura,,,,,,, Wellewatta
,Pussalamankada,,,,,,, Wellewela
,Pusse-Ela,,,,,,, Welpita
,Pussella,,,,,,, Weragama
,Pussellagolla,,,,,,, Weragoda
,Pussellawa,,,,,,, Werapokuna
,Pusulpitiya,,,,,,, Weregoda
,Puwakgahagala,,,,,,, Werellapatana
,Puwakpitiya,,,,,,, Wessigewela
,Rabbegamuwa,,,,,,, Wetalawa
,Radagoda,,,,,,, Wevelhinna
,Radewala,,,,,,, Wewagederagama
,Radunnewela,,,,,,, Wewatenna
,Ragala,,,,,,, Wewatta
,Rahatungoda,,,,,,, Wewebedde
,Raitalawa,,,,,,, Wewegama
,Raitalawela,,,,,,, Wewegedaragama
,Rambawela,,,,,,, Wewelhinna
,Ramboda,,,,,,, Widurepola
,Rambuke,,,,,,, Wila Oya
,Rambukella,,,,,,, Wilaatigoda
,Rambukewela,,,,,,, Wilegama
,Rambukkewela,,,,,,, Wiletigoda
,Rambukkoluwa,,,,,,, Willa
,Rambukpitiya,,,,,,, Wilsons Bungalow
,Rambukpota,,,,,,, Wiragahaella
,Rambukpota-anga,,,,,,, Wiranegama
,Rambukwella,,,,,,, Wirasekeragama
,Rammalaka,,,,,,,
,Rammalakandura,,,,,,,
,Ranamure,,,,,,,
,Ranatalawa,,,,,,,
,Ranawa,,,,,,,
,Ranawana,,,,,,,
,Rangala,,,,,,,
,Rangama,,,,,,,
,Rangomuwa,,,,,,,
,Rankiriyagolla,,,,,,,
,Rannantalawa,,,,,,,
,Ranwantalawa,,,,,,,
,Ranwediyawa,,,,,,,
,Rasingolla,,,,,,,
,Rassagoda,,,,,,,
,Ratalawewa,,,,,,,
,Ratmalakaduwa,,,,,,,
,Ratmeewala,,,,,,,
,Ratmiwala,,,,,,,
,Ratninda,,,,,,,
,Ratninda,,,,,,,
,Rattota,,,,,,,
,Ratwatta,,,,,,,
,Rawanagoda,,,,,,,
,Rekatwala,,,,,,,
,Rekitipe,,,,,,,
,Retiyagama,,,,,,,
,Ridiella,,,,,,,
,Rikillagaskada,,,,,,,
,Rilamulla,,,,,,,
,Rogersongama,,,,,,,
,Rottipehilla,,,,,,,
,Rozella,,,,,,,
,Rupaha,,,,,,,
,Rusigama,,,,,,,
,Samarakonehena,,,,,,,
,Sangilipalam,,,,,,,
,Sangilipalama,,,,,,,
,Selagama,,,,,,,
,Selagama Colony,,,,,,,
,Serudandapola,,,,,,,
,Serugolla,,,,,,,
,Singhapitiya,,,,,,,
,Sinhapitiya,,,,,,,
,Sirangahawatta,,,,,,,
,Sirimalwatta,,,,,,,
,Sita Eliya,,,,,,,
,Sivurupitiya,,,,,,,
,Siyambalagahawela,,,,,,,
,Siyambalagastenna,,,,,,,
,Siyambalagoda,,,,,,,
,Siyambalapitiya,,,,,,,
,Siyambalawewa,,,,,,,
,Suduhakurugama,,,,,,,
,Suriyagoda,,,,,,,
,Tahalpitiya,,,,,,,
,Talagasyaya,,,,,,,
,Talagoda,,,,,,,
,Talagune,,,,,,,
,Talakiriyagama,,,,,,,
,Talakiriyawa,,,,,,,
,Talakolawela,,,,,,,
,Talapelellagoda,,,,,,,
,Talatuoya,,,,,,,
,Talawakele,,,,,,,
,Talawatta,,,,,,,
,Talawatura,,,,,,,
,Talgahagoda,,,,,,,
,Talwatta,,,,,,,
,Tammitiya,,,,,,,
,Taralanda,,,,,,,
,Tawalantenna,,,,,,,
,Telambugahawatta,,,,,,,
,Teldeniya,,,,,,,
,Telihigala,,,,,,,
,Telihunna,,,,,,,
,Tembiligala Pallegama,,,,,,,
,Tembiligala Udagama,,,,,,,
,Tenna,,,,,,,
,Tennehena,,,,,,,
,Tennehenwala,,,,,,,
,Tennekumbura,,,,,,,
,Tepugolla,,,,,,,
,Teripaha,,,,,,,
,Teripehagama,,,,,,,
,Thine Kanuwa,,,,,,,
,Thinniyagala,,,,,,,
,Thumbara,,,,,,,
,Tibbotugoda,,,,,,,
,Tibbotuwawa,,,,,,,
,Tientsin,,,,,,,
,Tillicoultry,,,,,,,
,Tinipitigama,,,,,,,
,Tiniyagala,,,,,,,
,Tirappuwa,,,,,,,
,Tismada,,,,,,,
,Tismoda,,,,,,,
,Tispane,,,,,,,
,Tittapajjala,,,,,,,
,Tiyambara-ambe,,,,,,,
,Torapitiya,,,,,,,
,Tumpelawaka,,,,,,,
,Tumpelawake,,,,,,,
,Tundeniya,,,,,,,
,Tunhitiyawa,,,,,,,
,Tunoathliyadda,,,,,,,
,Uda Aludeniya,,,,,,,
,Uda Aramba,,,,,,,
,Udadumbara,,,,,,,
,Uda Galadebokke,,,,,,,
,Uda Hapuwida,,,,,,,
,Uda Henepola,,,,,,,
,Uda Iluka,,,,,,,
,Uda Madapota,,,,,,,
,Uda Mailapitiya,,,,,,,
,Uda Makuruppe,,,,,,,
,Uda Pussellawa,,,,,,,
,Uda Pussellawa Estate,,,,,,,
,Uda Talawinna,,,,,,,
,Uda Talawinna Megodagammedda,,,,,,,
,Uda Talawinnamadige,,,,,,,
,Uda Weragama,,,,,,,
,Udabowala,,,,,,,
,Udagaladebokka,,,,,,,
,Udagalauda,,,,,,,
,Udagama,,,,,,,
,Udagama Pallegama,,,,,,,
,Udagammedda,,,,,,,
,"Udahaduwa, Udahentenna",,,,,,,
,Udakottamulla,,,,,,,
,Udakumbura,,,,,,,
,Udalugama,,,,,,,
,Udalugaputenna,,,,,,,
,Udalumada,,,,,,,
,Udamadura,,,,,,,
,Udamaluwa,,,,,,,
,Udamulla,,,,,,,
,Udangomuwa,,,,,,,
,Udapadiyapelella,,,,,,,
,Udapitawela,,,,,,,
,Udatenna,,,,,,,
,Udattawa,,,,,,,
,Udawatta,,,,,,,
,Udawela,,,,,,,
,Udispattuwa,,,,,,,
,Udowita,,,,,,,
,Udu Nuwara and Yatinuwara,,,,,,,
,Ududaha,,,,,,,
,Ududeniya,,,,,,,
,Ududeniya Madige,,,,,,,
,Ududeniya Sinhalagama,,,,,,,
,Udugalpitiye Kuppayama,,,,,,,
,Udugama,,,,,,,
,Udugoda,,,,,,,
,Udumulla,,,,,,,
,Udupihilla,,,,,,,
,Udurawana,,,,,,,
,Udurawana Megodagammedda,,,,,,,
,Uduwa,,,,,,,
,Uduwawala,,,,,,,
,Uduwela Pallegama,,,,,,,
,Uduwela Udagama,,,,,,,
,Uduwella,,,,,,,
,Uduwelwala,,,,,,,
,Uduwerella,,,,,,,
,Uggahakumbura,,,,,,,
,Uguresapitiya,,,,,,,
,Uguressapitiya,,,,,,,
,Ukutule,,,,,,,
,Ukuwala,,,,,,,
,Ukuwela,,,,,,,
,Ulakkonde,,,,,,,
,Ulandupitiya,,,,,,,
,Ulapane,,,,,,,
,Ullandupitiya,,,,,,,
,Ullekumbura,,,,,,,
,Ulpotagama,,,,,,,
,Ulpotagama Iluka,,,,,,,
,Ulpotapitiya,,,,,,,
,Unagolla,,,,,,,
,Unambuwa,,,,,,,
,Unantenna Pallegammedda,,,,,,,
,Unantenna Pallegammedde,,,,,,,
,Unapandureyaya,,,,,,,
,Unaweruwa,,,,,,,
,Upcot,,,,,,,
,Uradeniya,,,,,,,
,Urapola,,,,,,,
,Urawala,,,,,,,
,Urawela,,,,,,,
,Urugala,,,,,,,
,Urugalakadawidiya,,,,,,,
,Uruherapola,,,,,,,
,Urulemulla,,,,,,,
,Urulewatta,,,,,,,
,Ussettawa,,,,,,,
,Vetastenna,,,,,,,
,Viguhumpola,,,,,,,
,Vilana Pallegama,,,,,,,
,"Vilana Udagama,",,,,,,,
,Wadagolla,,,,,,,
,Wadakahamada,,,,,,,
,Wadawala,,,,,,,
,Wadawalakanda,,,,,,,
,Wademada,,,,,,,
,Wadiya,,,,,,,
,Wadiyagoda,,,,,,,
,Wahacotte,,,,,,,
,Waharakgoda,,,,,,,
,Wahugepitiya,,,,,,,
,Wahunkoho,,,,,,,
,Wahunkoha,,,,,,,
,Wahupitiya,,,,,,,
,Waikkal,,,,,,,
,Walagama,,,,,,,
,Walagedara,,,,,,,
,Walakumbura,,,,,,,
,Walakumbura,,,,,,,
,Walala,,,,,,,
,Walala,,,,,,,
,Megodagammedda,,,,,,,
,Walalawela,,,,,,,
,Walaswewa,,,,,,,
,Walatalawa,,,,,,,
,Walawela,,,,,,,
,Waldeniya,,,,,,,
,Walgama,,,,,,,
,Walgampaya,,,,,,,
,Walgovuwagoda,,,,,,,
,Walgowagoda,,,,,,,
,Wallahagoda,,,,,,,
,Walliwela,,,,,,,
,Walmoruwa,,,,,,,
,Walpola,,,,,,,
,Walpoladeniya,,,,,,,
,Walpolamulla,,,,,,,
,Walugama,,,,,,,
,Wanduramulla,,,,,,,
,Wannipola,,,,,,,
,Waradiwala,,,,,,,
,Waragashinna,,,,,,,
,Warakadeniya,,,,,,,
,Warakagoda,,,,,,,
,Warakalawita,,,,,,,
,Warakamure,,,,,,,
,Warakawa,,,,,,,
,Waralaggama,,,,,,,
,Warapitiya,,,,,,,
,Wariyapola,,,,,,,
,Wataddora,,,,,,,
,Watadeniya,,,,,,,
,Watagoda,,,,,,,
,Watapana,,,,,,,
,Watapuluwa,,,,,,,
,Watawala,,,,,,,
,Wathumulla,,,,,,,
,Wattahena,,,,,,,
,Wattappola,,,,,,,
,Wattegama,,,,,,,
,Wattegammedda,,,,,,,
,Wattegedara,,,,,,,
,Wattehena,,,,,,,
,Watuliyadda,,,,,,,
,Watumulla,,,,,,,
,Watupola,,,,,,,
,Waturakumbura,,,,,,,
,Watuwala,,,,,,,
,Wavinna,,,,,,,
,Wawinna,,,,,,,
,Wayikkal,,,,,,,
,Wedagolla,,,,,,,
,Wedigammedda,,,,,,,
,Wegala,,,,,,,
,Wegama,,,,,,,
,Wegama Lower,,,,,,,
,Wegiriya,,,,,,,
,Wegodapola,,,,,,,
,Wehera,,,,,,,
,Wehigala East,,,,,,,
,Wekanda,,,,,,,
,Wekumbura,,,,,,,
,Welagama,,,,,,,
,Welaihala Udugoda,,,,,,,
,Welamboda,,,,,,,
,Welampe,,,,,,,
,Welandagoda,,,,,,,
,Welangahawatt,,,,,,,
,Welapahala,,,,,,,
,Welata,,,,,,,
,Welegedara,,,,,,,
,Welemulla,,,,,,,
,Welgahawadiya,,,,,,,
,Weligalla,,,,,,,
,Weliganwala,,,,,,,
,Weligodapola,,,,,,,
,Weliketiya,,,,,,,
,Welivitta,,,,,,,
,Weliwaranagolla,,,,,,,
,Weliwita,,,,,,,
,Weliwita Ihalagama,,,,,,,
,Weliwita Pahalagama,,,,,,,
,Wellagiriya,,,,,,,
,Wellangolla,,,,,,,
,Wellatota,,,,,,,
,Welletota Kadaweediya,,,,,,,
,Welpanala,,,,,,,
,Wepatana,,,,,,,
,Weragalawatta,,,,,,,
,Weragama,,,,,,,
,Weragamtota,,,,,,,
,Weragantota,,,,,,,
,Werakonkanda,,,,,,,
,Weralanda,,,,,,,
,Weralugastenna,,,,,,,
,Werapitiya,,,,,,,
,Werapitiya Ihalagama,,,,,,,
,Werapitiya Pahalagammedda,,,,,,,
,Werawala,,,,,,,
,Werella,,,,,,,
,Werellagama,,,,,,,
,West Watta,,,,,,,
,Wetagepota,,,,,,,
,Wetakedeniya,,,,,,,
,Wetakepotha,,,,,,,
,Wetalawa,,,,,,,
,Wetasseyaya,,,,,,,
,Weteggama,,,,,,,
,Wettehena,,,,,,,
,Wettewa,,,,,,,
,Wewagammedda,,,,,,,
,Wewakele,,,,,,,
,Wewala,,,,,,,
,Wewatenna,,,,,,,
,Wewelmada,,,,,,,
,Wewelobe,,,,,,,
,Wiguhumpola,,,,,,,
,Wijebahukanda,,,,,,,
,Wilawala,,,,,,,
,Wilgomuwa,,,,,,,
,Wilwala,,,,,,,
,Wiyanamulla,,,,,,,
,Yaggala,,,,,,,
,Yahala,,,,,,,
,Yahalatenne,,,,,,,
,Yahaletenna,,,,,,,
,Yakadagoda,,,,,,,
,Yakgahapitiya,,,,,,,
,Yakkuragala,,,,,,,
,Yalegoda,,,,,,,
,Yalkumbura,,,,,,,
,Yamanmulla,,,,,,,
,Yapagama,,,,,,,
,Yasanampura,,,,,,,
,Yatala,,,,,,,
,Yatapana,,,,,,,
,Yatawara,,,,,,,
,Yatawatta,,,,,,,
,Yatigammana,,,,,,,
,Yatihalagala,,,,,,,
,Yatihalagala Pallegama,,,,,,,
,Yatimadura,,,,,,,
,Yatipiyangala,,,,,,,
,Yatirawana,,,,,,,
,Yatiwawala,,,,,,,
,Yatiwehera,,,,,,,
,Yatiwella,,,,,,,
,Yattakule,,,,,,,
,Yodagannawa,,,,,,,
,Yombuweltenna,,,,,,,
,Yompana,,,,,,,
,Yonpane,,,,,,,
